pulled_at,source,date,headline,url,tags
2026-07-21T17:21:14.791011,SEC 8-K (putative class action),2026-07-15,SLM Student Loan Trust 2005-5  (CIK 0001330979) — 8-K referencing 'putative class action',https://www.sec.gov/cgi-bin/browse-edgar?action=getcompany&CIK=0001330979,class-action
2026-07-21T17:21:14.791011,SEC 8-K (putative class action),2026-07-15,SLM Student Loan Trust 2005-7  (CIK 0001331696) — 8-K referencing 'putative class action',https://www.sec.gov/cgi-bin/browse-edgar?action=getcompany&CIK=0001331696,class-action
2026-07-21T17:21:14.791011,SEC 8-K (putative class action),2026-07-15,SLM Student Loan Trust 2006-5  (CIK 0001358239) — 8-K referencing 'putative class action',https://www.sec.gov/cgi-bin/browse-edgar?action=getcompany&CIK=0001358239,class-action
2026-07-21T17:21:14.791011,SEC 8-K (wrongful termination),2026-07-17,"Hagerty, Inc.  (HGTY)  (CIK 0001840776) — 8-K referencing 'wrongful termination'",https://www.sec.gov/cgi-bin/browse-edgar?action=getcompany&CIK=0001840776,
2026-07-21T17:21:14.791011,SEC 8-K (wrongful termination),2026-07-21,MARRIOTT VACATIONS WORLDWIDE Corp  (VAC)  (CIK 0001524358) — 8-K referencing 'wrongful termination',https://www.sec.gov/cgi-bin/browse-edgar?action=getcompany&CIK=0001524358,
2026-07-21T17:21:14.791011,SEC 8-K (wrongful termination),2026-07-20,"Kalaris Therapeutics, Inc.  (KLRS)  (CIK 0001754068) — 8-K referencing 'wrongful termination'",https://www.sec.gov/cgi-bin/browse-edgar?action=getcompany&CIK=0001754068,
2026-07-21T17:21:14.791011,SEC 8-K (wrongful termination),2026-07-17,"Hagerty, Inc.  (HGTY)  (CIK 0001840776) — 8-K referencing 'wrongful termination'",https://www.sec.gov/cgi-bin/browse-edgar?action=getcompany&CIK=0001840776,
2026-07-21T17:21:14.791011,SEC 8-K (whistleblower),2026-07-21,MARRIOTT VACATIONS WORLDWIDE Corp  (VAC)  (CIK 0001524358) — 8-K referencing 'whistleblower',https://www.sec.gov/cgi-bin/browse-edgar?action=getcompany&CIK=0001524358,whistleblower
2026-07-21T17:21:14.791011,SEC 8-K (whistleblower),2026-07-20,"USA Rare Earth, Inc.  (USAR)  (CIK 0001970622) — 8-K referencing 'whistleblower'",https://www.sec.gov/cgi-bin/browse-edgar?action=getcompany&CIK=0001970622,whistleblower
2026-07-21T17:21:14.791011,SEC 8-K (whistleblower),2026-07-17,"PSB Financial, Inc.  (PNSB)  (CIK 0002087419) — 8-K referencing 'whistleblower'",https://www.sec.gov/cgi-bin/browse-edgar?action=getcompany&CIK=0002087419,whistleblower
2026-07-21T17:21:14.791011,SEC 8-K (whistleblower),2026-07-17,"PSB Financial, Inc.  (PNSB)  (CIK 0002087419) — 8-K referencing 'whistleblower'",https://www.sec.gov/cgi-bin/browse-edgar?action=getcompany&CIK=0002087419,whistleblower
2026-07-21T17:21:14.791011,SEC 8-K (whistleblower),2026-07-14,"Accel Entertainment, Inc.  (ACEL)  (CIK 0001698991) — 8-K referencing 'whistleblower'",https://www.sec.gov/cgi-bin/browse-edgar?action=getcompany&CIK=0001698991,whistleblower
2026-07-21T17:21:14.791011,SEC 8-K (whistleblower),2026-07-16,"Harmony Biosciences Holdings, Inc.  (HRMY)  (CIK 0001802665) — 8-K referencing 'whistleblower'",https://www.sec.gov/cgi-bin/browse-edgar?action=getcompany&CIK=0001802665,whistleblower
2026-07-21T17:21:14.791011,SEC 8-K (whistleblower),2026-07-17,MSC INDUSTRIAL DIRECT CO INC  (MSM)  (CIK 0001003078) — 8-K referencing 'whistleblower',https://www.sec.gov/cgi-bin/browse-edgar?action=getcompany&CIK=0001003078,whistleblower
2026-07-21T17:21:14.791011,SEC 8-K (whistleblower),2026-07-17,"Chiron Real Estate Inc.  (XRN, XRN-PA, XRN-PB)  (CIK 0001533615) — 8-K referencing 'whistleblower'",https://www.sec.gov/cgi-bin/browse-edgar?action=getcompany&CIK=0001533615,whistleblower
2026-07-21T17:21:14.791011,SEC 8-K (whistleblower),2026-07-17,"Chiron Real Estate Inc.  (XRN, XRN-PA, XRN-PB)  (CIK 0001533615) — 8-K referencing 'whistleblower'",https://www.sec.gov/cgi-bin/browse-edgar?action=getcompany&CIK=0001533615,whistleblower
2026-07-21T17:21:14.791011,SEC 8-K (whistleblower),2026-07-17,"Chiron Real Estate Inc.  (XRN, XRN-PA, XRN-PB)  (CIK 0001533615) — 8-K referencing 'whistleblower'",https://www.sec.gov/cgi-bin/browse-edgar?action=getcompany&CIK=0001533615,whistleblower
2026-07-21T17:21:14.791011,SEC 8-K (whistleblower),2026-07-17,"Chiron Real Estate Inc.  (XRN, XRN-PA, XRN-PB)  (CIK 0001533615) — 8-K referencing 'whistleblower'",https://www.sec.gov/cgi-bin/browse-edgar?action=getcompany&CIK=0001533615,whistleblower
2026-07-21T17:21:14.791011,SEC 8-K (whistleblower),2026-07-17,"Cadrenal Therapeutics, Inc.  (CVKD)  (CIK 0001937993) — 8-K referencing 'whistleblower'",https://www.sec.gov/cgi-bin/browse-edgar?action=getcompany&CIK=0001937993,whistleblower
2026-07-21T17:21:14.791011,SEC 8-K (whistleblower),2026-07-14,Coronado Global Resources Inc.  (CODQL)  (CIK 0001770561) — 8-K referencing 'whistleblower',https://www.sec.gov/cgi-bin/browse-edgar?action=getcompany&CIK=0001770561,whistleblower
2026-07-21T17:21:14.791011,SEC 8-K (whistleblower),2026-07-17,LINDSAY CORP  (LNN)  (CIK 0000836157) — 8-K referencing 'whistleblower',https://www.sec.gov/cgi-bin/browse-edgar?action=getcompany&CIK=0000836157,whistleblower
2026-07-21T17:21:14.791011,SEC 8-K (whistleblower),2026-07-21,"Twenty One Capital, Inc.  (XXI)  (CIK 0002070457) — 8-K referencing 'whistleblower'",https://www.sec.gov/cgi-bin/browse-edgar?action=getcompany&CIK=0002070457,whistleblower
2026-07-21T17:21:14.791011,SEC 8-K (whistleblower),2026-07-20,"USA Rare Earth, Inc.  (USAR)  (CIK 0001970622) — 8-K referencing 'whistleblower'",https://www.sec.gov/cgi-bin/browse-edgar?action=getcompany&CIK=0001970622,whistleblower
2026-07-21T17:21:14.791011,SEC 8-K (whistleblower),2026-07-15,"Lamb Weston Holdings, Inc.  (LW)  (CIK 0001679273) — 8-K referencing 'whistleblower'",https://www.sec.gov/cgi-bin/browse-edgar?action=getcompany&CIK=0001679273,whistleblower
2026-07-21T17:21:14.791011,SEC 8-K (whistleblower),2026-07-14,"Accel Entertainment, Inc.  (ACEL)  (CIK 0001698991) — 8-K referencing 'whistleblower'",https://www.sec.gov/cgi-bin/browse-edgar?action=getcompany&CIK=0001698991,whistleblower
2026-07-21T17:21:14.791011,SEC 8-K (whistleblower),2026-07-14,PVH CORP. /DE/  (PVH)  (CIK 0000078239) — 8-K referencing 'whistleblower',https://www.sec.gov/cgi-bin/browse-edgar?action=getcompany&CIK=0000078239,whistleblower
2026-07-21T17:21:14.791011,SEC 8-K (whistleblower),2026-07-14,Stonepeak-Plus Infrastructure Fund LP  (CIK 0002045458) — 8-K referencing 'whistleblower',https://www.sec.gov/cgi-bin/browse-edgar?action=getcompany&CIK=0002045458,whistleblower
2026-07-21T17:21:14.791011,SEC 8-K (whistleblower),2026-07-16,International Stem Cell CORP  (ISCO)  (CIK 0001355790) — 8-K referencing 'whistleblower',https://www.sec.gov/cgi-bin/browse-edgar?action=getcompany&CIK=0001355790,whistleblower
2026-07-21T17:21:14.791011,SEC 8-K (whistleblower),2026-07-20,"Personalis, Inc.  (PSNL)  (CIK 0001527753) — 8-K referencing 'whistleblower'",https://www.sec.gov/cgi-bin/browse-edgar?action=getcompany&CIK=0001527753,whistleblower
2026-07-21T17:21:14.791011,SEC 8-K (whistleblower),2026-07-20,"Tempus AI, Inc.  (TEM)  (CIK 0001717115) — 8-K referencing 'whistleblower'",https://www.sec.gov/cgi-bin/browse-edgar?action=getcompany&CIK=0001717115,whistleblower
2026-07-21T17:21:14.791011,SEC 8-K (whistleblower),2026-07-14,DIODES INC /DEL/  (DIOD)  (CIK 0000029002) — 8-K referencing 'whistleblower',https://www.sec.gov/cgi-bin/browse-edgar?action=getcompany&CIK=0000029002,whistleblower
2026-07-21T17:21:14.791011,SEC 8-K (whistleblower),2026-07-15,TRICO BANCSHARES /  (TCBK)  (CIK 0000356171) — 8-K referencing 'whistleblower',https://www.sec.gov/cgi-bin/browse-edgar?action=getcompany&CIK=0000356171,whistleblower
2026-07-21T17:21:14.791011,SEC 8-K (whistleblower),2026-07-15,"FIRST HAWAIIAN, INC.  (FHB)  (CIK 0000036377) — 8-K referencing 'whistleblower'",https://www.sec.gov/cgi-bin/browse-edgar?action=getcompany&CIK=0000036377,whistleblower
2026-07-21T17:21:14.791011,SEC 8-K (consent decree),2026-07-20,"Personalis, Inc.  (PSNL)  (CIK 0001527753) — 8-K referencing 'consent decree'",https://www.sec.gov/cgi-bin/browse-edgar?action=getcompany&CIK=0001527753,
2026-07-21T17:21:14.791011,SEC 8-K (consent decree),2026-07-20,"Tempus AI, Inc.  (TEM)  (CIK 0001717115) — 8-K referencing 'consent decree'",https://www.sec.gov/cgi-bin/browse-edgar?action=getcompany&CIK=0001717115,
2026-07-21T17:21:14.791011,SEC 8-K (consent decree),2026-07-21,"M&T BANK CORP  (MTB, MTB-PH, MTB-PJ, MTB-PK)  (CIK 0000036270) — 8-K referencing 'consent decree'",https://www.sec.gov/cgi-bin/browse-edgar?action=getcompany&CIK=0000036270,
2026-07-21T17:21:14.791011,SEC 8-K (consent decree),2026-07-16,International Stem Cell CORP  (ISCO)  (CIK 0001355790) — 8-K referencing 'consent decree',https://www.sec.gov/cgi-bin/browse-edgar?action=getcompany&CIK=0001355790,
2026-07-21T17:21:14.791011,SEC 8-K (consent decree),2026-07-16,"Cardiff Oncology, Inc.  (CRDF)  (CIK 0001213037) — 8-K referencing 'consent decree'",https://www.sec.gov/cgi-bin/browse-edgar?action=getcompany&CIK=0001213037,
2026-07-21T17:21:14.791011,SEC 8-K (consent decree),2026-07-15,"AEON Biopharma, Inc.  (AEON)  (CIK 0001837607) — 8-K referencing 'consent decree'",https://www.sec.gov/cgi-bin/browse-edgar?action=getcompany&CIK=0001837607,
2026-07-21T17:21:14.791011,SEC 8-K (consent decree),2026-07-14,"Alto Neuroscience, Inc.  (ANRO)  (CIK 0001999480) — 8-K referencing 'consent decree'",https://www.sec.gov/cgi-bin/browse-edgar?action=getcompany&CIK=0001999480,
2026-07-21T17:21:14.791011,SEC 8-K (consent decree),2026-07-15,"CRESCENT BIOPHARMA, INC.  (CBIO)  (CIK 0001253689) — 8-K referencing 'consent decree'",https://www.sec.gov/cgi-bin/browse-edgar?action=getcompany&CIK=0001253689,
2026-07-21T17:21:14.791011,SEC 8-K (consent decree),2026-07-14,"NextCure, Inc.  (NXTC)  (CIK 0001661059) — 8-K referencing 'consent decree'",https://www.sec.gov/cgi-bin/browse-edgar?action=getcompany&CIK=0001661059,
2026-07-21T17:21:14.791011,SEC 8-K (consent decree),2026-07-15,Genasys Inc.  (GNSS)  (CIK 0000924383) — 8-K referencing 'consent decree',https://www.sec.gov/cgi-bin/browse-edgar?action=getcompany&CIK=0000924383,
2026-07-21T17:21:14.791011,SEC 8-K (consent decree),2026-07-15,"Senti Biosciences Holdings, Inc.  (SNTI)  (CIK 0001854270) — 8-K referencing 'consent decree'",https://www.sec.gov/cgi-bin/browse-edgar?action=getcompany&CIK=0001854270,
2026-07-21T17:21:14.791011,SEC 8-K (consent decree),2026-07-16,"Array Technologies, Inc.  (ARRY)  (CIK 0001820721) — 8-K referencing 'consent decree'",https://www.sec.gov/cgi-bin/browse-edgar?action=getcompany&CIK=0001820721,
2026-07-21T17:21:14.791011,SEC 8-K (consent decree),2026-07-16,"Distribution Solutions Group, Inc.  (DSGR)  (CIK 0000703604) — 8-K referencing 'consent decree'",https://www.sec.gov/cgi-bin/browse-edgar?action=getcompany&CIK=0000703604,
2026-07-21T17:21:14.791011,SEC 8-K (consent decree),2026-07-14,"Strategic Storage Trust VI, Inc.  (SGST)  (CIK 0001852575) — 8-K referencing 'consent decree'",https://www.sec.gov/cgi-bin/browse-edgar?action=getcompany&CIK=0001852575,
2026-07-21T17:21:14.791011,SEC 8-K (consent decree),2026-07-20,AdaptHealth Corp.  (AHCO)  (CIK 0001725255) — 8-K referencing 'consent decree',https://www.sec.gov/cgi-bin/browse-edgar?action=getcompany&CIK=0001725255,
2026-07-21T17:21:14.791011,SEC 8-K (consent decree),2026-07-14,DIODES INC /DEL/  (DIOD)  (CIK 0000029002) — 8-K referencing 'consent decree',https://www.sec.gov/cgi-bin/browse-edgar?action=getcompany&CIK=0000029002,
2026-07-21T17:21:14.791011,SEC 8-K (consent decree),2026-07-20,Magnolia Oil & Gas Corp  (MGY)  (CIK 0001698990) — 8-K referencing 'consent decree',https://www.sec.gov/cgi-bin/browse-edgar?action=getcompany&CIK=0001698990,
2026-07-21T17:21:14.791011,SEC 8-K (consent decree),2026-07-20,"LXP Industrial Trust  (LXP, LXP-PC)  (CIK 0000910108) — 8-K referencing 'consent decree'",https://www.sec.gov/cgi-bin/browse-edgar?action=getcompany&CIK=0000910108,
2026-07-21T17:21:14.791011,SEC 8-K (consent decree),2026-07-16,AtaiBeckley Inc.  (ATAI)  (CIK 0002081043) — 8-K referencing 'consent decree',https://www.sec.gov/cgi-bin/browse-edgar?action=getcompany&CIK=0002081043,
2026-07-21T17:21:14.791011,SEC 8-K (consent decree),2026-07-20,"EPR PROPERTIES  (EPR, EPR-PC, EPR-PE, EPR-PG)  (CIK 0001045450) — 8-K referencing 'consent decree'",https://www.sec.gov/cgi-bin/browse-edgar?action=getcompany&CIK=0001045450,
2026-07-21T17:21:14.791011,SEC 8-K (consent decree),2026-07-15,"Celsius Holdings, Inc.  (CELH)  (CIK 0001341766) — 8-K referencing 'consent decree'",https://www.sec.gov/cgi-bin/browse-edgar?action=getcompany&CIK=0001341766,
2026-07-21T17:21:14.791011,SEC 8-K (material weakness),2026-07-15,"HIGH WIRE NETWORKS, INC.  (HWNI)  (CIK 0001413891) — 8-K referencing 'material weakness'",https://www.sec.gov/cgi-bin/browse-edgar?action=getcompany&CIK=0001413891,
2026-07-21T17:21:14.791011,SEC 8-K (material weakness),2026-07-14,AMERICAS CARMART INC  (CRMT)  (CIK 0000799850) — 8-K referencing 'material weakness',https://www.sec.gov/cgi-bin/browse-edgar?action=getcompany&CIK=0000799850,
2026-07-21T17:21:14.791011,SEC 8-K (material weakness),2026-07-20,REGENXBIO Inc.  (RGNX)  (CIK 0001590877) — 8-K referencing 'material weakness',https://www.sec.gov/cgi-bin/browse-edgar?action=getcompany&CIK=0001590877,
2026-07-21T17:21:14.791011,SEC 8-K (material weakness),2026-07-14,"Bridgeline Digital, Inc.  (BLIN)  (CIK 0001378590) — 8-K referencing 'material weakness'",https://www.sec.gov/cgi-bin/browse-edgar?action=getcompany&CIK=0001378590,
2026-07-21T17:21:14.791011,SEC 8-K (material weakness),2026-07-21,"M&T BANK CORP  (MTB, MTB-PH, MTB-PJ, MTB-PK)  (CIK 0000036270) — 8-K referencing 'material weakness'",https://www.sec.gov/cgi-bin/browse-edgar?action=getcompany&CIK=0000036270,
2026-07-21T17:21:14.791011,SEC 8-K (material weakness),2026-07-21,"VisionWave Holdings, Inc.  (VWAV, VWAVW)  (CIK 0002038439) — 8-K referencing 'material weakness'",https://www.sec.gov/cgi-bin/browse-edgar?action=getcompany&CIK=0002038439,
2026-07-21T17:21:14.791011,SEC 8-K (material weakness),2026-07-14,Planet Green Holdings Corp.  (PLAG)  (CIK 0001117057) — 8-K referencing 'material weakness',https://www.sec.gov/cgi-bin/browse-edgar?action=getcompany&CIK=0001117057,
2026-07-21T17:21:14.791011,SEC 8-K (material weakness),2026-07-20,Magnolia Oil & Gas Corp  (MGY)  (CIK 0001698990) — 8-K referencing 'material weakness',https://www.sec.gov/cgi-bin/browse-edgar?action=getcompany&CIK=0001698990,
2026-07-21T17:21:14.791011,SEC 8-K (material weakness),2026-07-15,"Glucotrack, Inc.  (GCTK)  (CIK 0001506983) — 8-K referencing 'material weakness'",https://www.sec.gov/cgi-bin/browse-edgar?action=getcompany&CIK=0001506983,
2026-07-21T17:21:14.791011,SEC 8-K (material weakness),2026-07-17,Sadot Group Inc.  (SDOT)  (CIK 0001701756) — 8-K referencing 'material weakness',https://www.sec.gov/cgi-bin/browse-edgar?action=getcompany&CIK=0001701756,
2026-07-21T17:21:14.791011,SEC 8-K (material weakness),2026-07-17,"Kimbell Royalty Partners, LP  (KRP)  (CIK 0001657788) — 8-K referencing 'material weakness'",https://www.sec.gov/cgi-bin/browse-edgar?action=getcompany&CIK=0001657788,
2026-07-21T17:21:14.791011,SEC 8-K (material weakness),2026-07-14,"NextCure, Inc.  (NXTC)  (CIK 0001661059) — 8-K referencing 'material weakness'",https://www.sec.gov/cgi-bin/browse-edgar?action=getcompany&CIK=0001661059,
2026-07-21T17:21:14.791011,SEC 8-K (material weakness),2026-07-17,"Jasper Therapeutics, Inc.  (JSPR, JSPRW)  (CIK 0001788028) — 8-K referencing 'material weakness'",https://www.sec.gov/cgi-bin/browse-edgar?action=getcompany&CIK=0001788028,
2026-07-21T17:21:14.791011,SEC 8-K (material weakness),2026-07-16,AtaiBeckley Inc.  (ATAI)  (CIK 0002081043) — 8-K referencing 'material weakness',https://www.sec.gov/cgi-bin/browse-edgar?action=getcompany&CIK=0002081043,
2026-07-21T17:21:14.791011,SEC 8-K (internal investigation),2026-07-20,NEOGENOMICS INC  (NEO)  (CIK 0001077183) — 8-K referencing 'internal investigation',https://www.sec.gov/cgi-bin/browse-edgar?action=getcompany&CIK=0001077183,
2026-07-21T17:21:14.791011,SEC 8-K (internal investigation),2026-07-17,"Hagerty, Inc.  (HGTY)  (CIK 0001840776) — 8-K referencing 'internal investigation'",https://www.sec.gov/cgi-bin/browse-edgar?action=getcompany&CIK=0001840776,
2026-07-21T17:21:14.791011,SEC 8-K (internal investigation),2026-07-20,"Kalaris Therapeutics, Inc.  (KLRS)  (CIK 0001754068) — 8-K referencing 'internal investigation'",https://www.sec.gov/cgi-bin/browse-edgar?action=getcompany&CIK=0001754068,
2026-07-21T17:21:14.791011,SEC 8-K (internal investigation),2026-07-17,"Hagerty, Inc.  (HGTY)  (CIK 0001840776) — 8-K referencing 'internal investigation'",https://www.sec.gov/cgi-bin/browse-edgar?action=getcompany&CIK=0001840776,
2026-07-21T17:21:14.791011,SEC 8-K (internal investigation),2026-07-21,"Twenty One Capital, Inc.  (XXI)  (CIK 0002070457) — 8-K referencing 'internal investigation'",https://www.sec.gov/cgi-bin/browse-edgar?action=getcompany&CIK=0002070457,
2026-07-21T17:21:14.791011,SEC 8-K (internal investigation),2026-07-21,"Starco Brands, Inc.  (STCB)  (CIK 0001539850) — 8-K referencing 'internal investigation'",https://www.sec.gov/cgi-bin/browse-edgar?action=getcompany&CIK=0001539850,
2026-07-21T17:21:14.791011,SEC 8-K (internal investigation),2026-07-16,International Stem Cell CORP  (ISCO)  (CIK 0001355790) — 8-K referencing 'internal investigation',https://www.sec.gov/cgi-bin/browse-edgar?action=getcompany&CIK=0001355790,
2026-07-21T17:21:14.791011,SEC 8-K (subpoena),2026-07-20,"Neuronetics, Inc.  (STIM)  (CIK 0001227636) — 8-K referencing 'subpoena'",https://www.sec.gov/cgi-bin/browse-edgar?action=getcompany&CIK=0001227636,
2026-07-21T17:21:14.791011,SEC 8-K (subpoena),2026-07-17,PEDEVCO CORP  (PED)  (CIK 0001141197) — 8-K referencing 'subpoena',https://www.sec.gov/cgi-bin/browse-edgar?action=getcompany&CIK=0001141197,
2026-07-21T17:21:14.791011,SEC 8-K (subpoena),2026-07-21,MARRIOTT VACATIONS WORLDWIDE Corp  (VAC)  (CIK 0001524358) — 8-K referencing 'subpoena',https://www.sec.gov/cgi-bin/browse-edgar?action=getcompany&CIK=0001524358,
2026-07-21T17:21:14.791011,SEC 8-K (subpoena),2026-07-17,"Hagerty, Inc.  (HGTY)  (CIK 0001840776) — 8-K referencing 'subpoena'",https://www.sec.gov/cgi-bin/browse-edgar?action=getcompany&CIK=0001840776,
2026-07-21T17:21:14.791011,SEC 8-K (subpoena),2026-07-14,"Accel Entertainment, Inc.  (ACEL)  (CIK 0001698991) — 8-K referencing 'subpoena'",https://www.sec.gov/cgi-bin/browse-edgar?action=getcompany&CIK=0001698991,
2026-07-21T17:21:14.791011,SEC 8-K (subpoena),2026-07-17,"Cadrenal Therapeutics, Inc.  (CVKD)  (CIK 0001937993) — 8-K referencing 'subpoena'",https://www.sec.gov/cgi-bin/browse-edgar?action=getcompany&CIK=0001937993,
2026-07-21T17:21:14.791011,SEC 8-K (subpoena),2026-07-14,Repay Holdings Corp  (RPAY)  (CIK 0001720592) — 8-K referencing 'subpoena',https://www.sec.gov/cgi-bin/browse-edgar?action=getcompany&CIK=0001720592,
2026-07-21T17:21:14.791011,SEC 8-K (subpoena),2026-07-17,"Hagerty, Inc.  (HGTY)  (CIK 0001840776) — 8-K referencing 'subpoena'",https://www.sec.gov/cgi-bin/browse-edgar?action=getcompany&CIK=0001840776,
2026-07-21T17:21:14.791011,SEC 8-K (subpoena),2026-07-16,"Harmony Biosciences Holdings, Inc.  (HRMY)  (CIK 0001802665) — 8-K referencing 'subpoena'",https://www.sec.gov/cgi-bin/browse-edgar?action=getcompany&CIK=0001802665,
2026-07-21T17:21:14.791011,SEC 8-K (subpoena),2026-07-17,"Hagerty, Inc.  (HGTY)  (CIK 0001840776) — 8-K referencing 'subpoena'",https://www.sec.gov/cgi-bin/browse-edgar?action=getcompany&CIK=0001840776,
2026-07-21T17:21:14.791011,SEC 8-K (subpoena),2026-07-21,"Twenty One Capital, Inc.  (XXI)  (CIK 0002070457) — 8-K referencing 'subpoena'",https://www.sec.gov/cgi-bin/browse-edgar?action=getcompany&CIK=0002070457,
2026-07-21T17:21:14.791011,SEC 8-K (subpoena),2026-07-17,"Hagerty, Inc.  (HGTY)  (CIK 0001840776) — 8-K referencing 'subpoena'",https://www.sec.gov/cgi-bin/browse-edgar?action=getcompany&CIK=0001840776,
2026-07-21T17:21:14.791011,SEC 8-K (subpoena),2026-07-15,"AEON Biopharma, Inc.  (AEON)  (CIK 0001837607) — 8-K referencing 'subpoena'",https://www.sec.gov/cgi-bin/browse-edgar?action=getcompany&CIK=0001837607,
2026-07-21T17:21:14.791011,SEC 8-K (subpoena),2026-07-15,"Glucotrack, Inc.  (GCTK)  (CIK 0001506983) — 8-K referencing 'subpoena'",https://www.sec.gov/cgi-bin/browse-edgar?action=getcompany&CIK=0001506983,
2026-07-21T17:21:14.791011,SEC 8-K (subpoena),2026-07-17,"Mercator Acquisition Corp.  (MRCO, MRCOU)  (CIK 0002106436) — 8-K referencing 'subpoena'",https://www.sec.gov/cgi-bin/browse-edgar?action=getcompany&CIK=0002106436,
2026-07-21T17:21:14.791011,SEC 8-K (subpoena),2026-07-17,LINDSAY CORP  (LNN)  (CIK 0000836157) — 8-K referencing 'subpoena',https://www.sec.gov/cgi-bin/browse-edgar?action=getcompany&CIK=0000836157,
2026-07-21T17:21:14.791011,SEC 8-K (subpoena),2026-07-14,Longeveron Inc.  (LGVN)  (CIK 0001721484) — 8-K referencing 'subpoena',https://www.sec.gov/cgi-bin/browse-edgar?action=getcompany&CIK=0001721484,
2026-07-21T17:21:14.791011,SEC 8-K (subpoena),2026-07-20,"USA Rare Earth, Inc.  (USAR)  (CIK 0001970622) — 8-K referencing 'subpoena'",https://www.sec.gov/cgi-bin/browse-edgar?action=getcompany&CIK=0001970622,
2026-07-21T17:21:14.791011,SEC 8-K (subpoena),2026-07-17,"AFS SENSUB CORP.  (CIK 0001347185), GM Financial Consumer Automobile Receivables Trust 2026-3  (CIK 0002138743) — 8-K referencing 'subpoena'",https://www.sec.gov/cgi-bin/browse-edgar?action=getcompany&CIK=0001347185,
2026-07-21T17:21:14.791011,SEC 8-K (subpoena),2026-07-21,Nano Dimension Ltd.  (NNDM)  (CIK 0001643303) — 8-K referencing 'subpoena',https://www.sec.gov/cgi-bin/browse-edgar?action=getcompany&CIK=0001643303,
2026-07-21T17:21:14.791011,SEC 8-K (subpoena),2026-07-16,"VPR Brands, LP.  (VPRB)  (CIK 0001376231) — 8-K referencing 'subpoena'",https://www.sec.gov/cgi-bin/browse-edgar?action=getcompany&CIK=0001376231,
2026-07-21T17:21:14.791011,SEC 8-K (subpoena),2026-07-17,"Hagerty, Inc.  (HGTY)  (CIK 0001840776) — 8-K referencing 'subpoena'",https://www.sec.gov/cgi-bin/browse-edgar?action=getcompany&CIK=0001840776,
2026-07-21T17:21:14.791011,SEC 8-K (subpoena),2026-07-17,Sadot Group Inc.  (SDOT)  (CIK 0001701756) — 8-K referencing 'subpoena',https://www.sec.gov/cgi-bin/browse-edgar?action=getcompany&CIK=0001701756,
2026-07-21T17:21:14.791011,SEC 8-K (subpoena),2026-07-17,"Csquare, Inc.  (CSQR)  (CIK 0002105398) — 8-K referencing 'subpoena'",https://www.sec.gov/cgi-bin/browse-edgar?action=getcompany&CIK=0002105398,
2026-07-21T17:21:14.791011,SEC 8-K (subpoena),2026-07-17,MSC INDUSTRIAL DIRECT CO INC  (MSM)  (CIK 0001003078) — 8-K referencing 'subpoena',https://www.sec.gov/cgi-bin/browse-edgar?action=getcompany&CIK=0001003078,
2026-07-21T17:21:14.791011,SEC 8-K (subpoena),2026-07-17,Sadot Group Inc.  (SDOT)  (CIK 0001701756) — 8-K referencing 'subpoena',https://www.sec.gov/cgi-bin/browse-edgar?action=getcompany&CIK=0001701756,
2026-07-21T17:21:14.791011,SEC 8-K (subpoena),2026-07-17,Stablecoin Development Corp  (SDEV)  (CIK 0001389545) — 8-K referencing 'subpoena',https://www.sec.gov/cgi-bin/browse-edgar?action=getcompany&CIK=0001389545,
2026-07-21T17:21:14.791011,SEC 8-K (subpoena),2026-07-21,"VisionWave Holdings, Inc.  (VWAV, VWAVW)  (CIK 0002038439) — 8-K referencing 'subpoena'",https://www.sec.gov/cgi-bin/browse-edgar?action=getcompany&CIK=0002038439,
2026-07-21T17:21:14.791011,SEC 8-K (subpoena),2026-07-14,Research Alliance Corp IV  (RACD)  (CIK 0002137777) — 8-K referencing 'subpoena',https://www.sec.gov/cgi-bin/browse-edgar?action=getcompany&CIK=0002137777,
2026-07-21T17:21:14.791011,SEC 8-K (subpoena),2026-07-21,AMR Resources Acquisition Corp.  (AMAC)  (CIK 0002110119) — 8-K referencing 'subpoena',https://www.sec.gov/cgi-bin/browse-edgar?action=getcompany&CIK=0002110119,
2026-07-21T17:21:14.791011,SEC 8-K (subpoena),2026-07-15,"Samos Energy Acquisition Corp  (SAMO, SAMO-UN)  (CIK 0002125567) — 8-K referencing 'subpoena'",https://www.sec.gov/cgi-bin/browse-edgar?action=getcompany&CIK=0002125567,
2026-07-21T17:21:14.791011,SEC 8-K (subpoena),2026-07-21,"Neostellar Capital Corp.  (NSLR, NSLRL)  (CIK 0001509470) — 8-K referencing 'subpoena'",https://www.sec.gov/cgi-bin/browse-edgar?action=getcompany&CIK=0001509470,
2026-07-21T17:21:14.791011,SEC 8-K (subpoena),2026-07-15,"Samos Energy Acquisition Corp  (SAMO, SAMO-UN)  (CIK 0002125567) — 8-K referencing 'subpoena'",https://www.sec.gov/cgi-bin/browse-edgar?action=getcompany&CIK=0002125567,
2026-07-21T17:21:14.791011,SEC 8-K (subpoena),2026-07-21,AMR Resources Acquisition Corp.  (AMAC)  (CIK 0002110119) — 8-K referencing 'subpoena',https://www.sec.gov/cgi-bin/browse-edgar?action=getcompany&CIK=0002110119,
2026-07-21T17:21:14.791011,SEC 8-K (subpoena),2026-07-14,"Accel Entertainment, Inc.  (ACEL)  (CIK 0001698991) — 8-K referencing 'subpoena'",https://www.sec.gov/cgi-bin/browse-edgar?action=getcompany&CIK=0001698991,
2026-07-21T17:21:14.791011,SEC 8-K (subpoena),2026-07-21,AMR Resources Acquisition Corp.  (AMAC)  (CIK 0002110119) — 8-K referencing 'subpoena',https://www.sec.gov/cgi-bin/browse-edgar?action=getcompany&CIK=0002110119,
2026-07-21T17:21:14.791011,SEC 8-K (subpoena),2026-07-21,AMR Resources Acquisition Corp.  (AMAC)  (CIK 0002110119) — 8-K referencing 'subpoena',https://www.sec.gov/cgi-bin/browse-edgar?action=getcompany&CIK=0002110119,
2026-07-21T17:21:14.791011,SEC 8-K (subpoena),2026-07-21,AMR Resources Acquisition Corp.  (AMAC)  (CIK 0002110119) — 8-K referencing 'subpoena',https://www.sec.gov/cgi-bin/browse-edgar?action=getcompany&CIK=0002110119,
2026-07-21T17:21:14.791011,SEC 8-K (subpoena),2026-07-21,AMR Resources Acquisition Corp.  (AMAC)  (CIK 0002110119) — 8-K referencing 'subpoena',https://www.sec.gov/cgi-bin/browse-edgar?action=getcompany&CIK=0002110119,
2026-07-21T17:21:14.791011,SEC 8-K (subpoena),2026-07-21,"AMERICAN REBEL HOLDINGS INC  (AREB, AREBW)  (CIK 0001648087) — 8-K referencing 'subpoena'",https://www.sec.gov/cgi-bin/browse-edgar?action=getcompany&CIK=0001648087,
2026-07-21T17:21:14.791011,SEC 8-K (subpoena),2026-07-15,"HYCROFT MINING HOLDING CORP  (HYMC, HYMCW)  (CIK 0001718405) — 8-K referencing 'subpoena'",https://www.sec.gov/cgi-bin/browse-edgar?action=getcompany&CIK=0001718405,
2026-07-21T17:21:14.791011,SEC 8-K (subpoena),2026-07-21,INNOVATIVE SOLUTIONS & SUPPORT INC  (ISSC)  (CIK 0000836690) — 8-K referencing 'subpoena',https://www.sec.gov/cgi-bin/browse-edgar?action=getcompany&CIK=0000836690,
2026-07-21T17:21:14.791011,SEC 8-K (subpoena),2026-07-16,"John Deere Receivables LLC  (CIK 0001762590), John Deere Owner Trust 2026-B  (CIK 0002141933) — 8-K referencing 'subpoena'",https://www.sec.gov/cgi-bin/browse-edgar?action=getcompany&CIK=0001762590,
2026-07-21T17:21:14.791011,SEC 8-K (subpoena),2026-07-20,"Vulcan Infrastructure & Power Inc.  (GREE, GREEL)  (CIK 0001844971) — 8-K referencing 'subpoena'",https://www.sec.gov/cgi-bin/browse-edgar?action=getcompany&CIK=0001844971,
2026-07-21T17:21:14.791011,SEC 8-K (subpoena),2026-07-16,"CION Investment Corp  (CICB, CICC, CION)  (CIK 0001534254) — 8-K referencing 'subpoena'",https://www.sec.gov/cgi-bin/browse-edgar?action=getcompany&CIK=0001534254,
2026-07-21T17:21:14.791011,SEC 8-K (subpoena),2026-07-14,PVH CORP. /DE/  (PVH)  (CIK 0000078239) — 8-K referencing 'subpoena',https://www.sec.gov/cgi-bin/browse-edgar?action=getcompany&CIK=0000078239,
2026-07-21T17:21:14.791011,SEC 8-K (subpoena),2026-07-16,"CION Investment Corp  (CICB, CICC, CION)  (CIK 0001534254) — 8-K referencing 'subpoena'",https://www.sec.gov/cgi-bin/browse-edgar?action=getcompany&CIK=0001534254,
2026-07-21T17:21:14.791011,SEC 8-K (subpoena),2026-07-20,"Vulcan Infrastructure & Power Inc.  (GREE, GREEL)  (CIK 0001844971) — 8-K referencing 'subpoena'",https://www.sec.gov/cgi-bin/browse-edgar?action=getcompany&CIK=0001844971,
2026-07-21T17:21:14.791011,SEC 8-K (subpoena),2026-07-15,Aspira Women's Health Inc.  (AWHL)  (CIK 0000926617) — 8-K referencing 'subpoena',https://www.sec.gov/cgi-bin/browse-edgar?action=getcompany&CIK=0000926617,
2026-07-21T17:21:14.791011,SEC 8-K (subpoena),2026-07-20,Magnolia Oil & Gas Corp  (MGY)  (CIK 0001698990) — 8-K referencing 'subpoena',https://www.sec.gov/cgi-bin/browse-edgar?action=getcompany&CIK=0001698990,
2026-07-21T17:21:14.791011,SEC 8-K (subpoena),2026-07-20,ELUTIA INC.  (ELUT)  (CIK 0001708527) — 8-K referencing 'subpoena',https://www.sec.gov/cgi-bin/browse-edgar?action=getcompany&CIK=0001708527,
2026-07-21T17:21:14.791011,SEC 8-K (subpoena),2026-07-20,"Vulcan Infrastructure & Power Inc.  (GREE, GREEL)  (CIK 0001844971) — 8-K referencing 'subpoena'",https://www.sec.gov/cgi-bin/browse-edgar?action=getcompany&CIK=0001844971,
2026-07-21T17:21:14.791011,SEC 8-K (subpoena),2026-07-17,"Csquare, Inc.  (CSQR)  (CIK 0002105398) — 8-K referencing 'subpoena'",https://www.sec.gov/cgi-bin/browse-edgar?action=getcompany&CIK=0002105398,
2026-07-21T17:21:14.791011,SEC 8-K (subpoena),2026-07-14,"Archimedes Tech SPAC Partners II Co.  (ATII, ATIIU, ATIIW)  (CIK 0002028516) — 8-K referencing 'subpoena'",https://www.sec.gov/cgi-bin/browse-edgar?action=getcompany&CIK=0002028516,
2026-07-21T17:21:14.791011,SEC 8-K (subpoena),2026-07-20,"Vulcan Infrastructure & Power Inc.  (GREE, GREEL)  (CIK 0001844971) — 8-K referencing 'subpoena'",https://www.sec.gov/cgi-bin/browse-edgar?action=getcompany&CIK=0001844971,
2026-07-21T17:21:14.791011,SEC 8-K (subpoena),2026-07-16,International Stem Cell CORP  (ISCO)  (CIK 0001355790) — 8-K referencing 'subpoena',https://www.sec.gov/cgi-bin/browse-edgar?action=getcompany&CIK=0001355790,
2026-07-21T17:21:14.791011,SEC 8-K (subpoena),2026-07-15,Genasys Inc.  (GNSS)  (CIK 0000924383) — 8-K referencing 'subpoena',https://www.sec.gov/cgi-bin/browse-edgar?action=getcompany&CIK=0000924383,
2026-07-21T17:21:14.791011,SEC 8-K (subpoena),2026-07-21,"JUPITER NEUROSCIENCES, INC.  (JUNS)  (CIK 0001679628) — 8-K referencing 'subpoena'",https://www.sec.gov/cgi-bin/browse-edgar?action=getcompany&CIK=0001679628,
2026-07-21T17:21:14.791011,SEC 8-K (subpoena),2026-07-20,"Vulcan Infrastructure & Power Inc.  (GREE, GREEL)  (CIK 0001844971) — 8-K referencing 'subpoena'",https://www.sec.gov/cgi-bin/browse-edgar?action=getcompany&CIK=0001844971,
2026-07-21T17:21:14.791011,SEC 8-K (subpoena),2026-07-16,"Array Technologies, Inc.  (ARRY)  (CIK 0001820721) — 8-K referencing 'subpoena'",https://www.sec.gov/cgi-bin/browse-edgar?action=getcompany&CIK=0001820721,
2026-07-21T17:21:14.791011,SEC 8-K (subpoena),2026-07-16,"TOYOTA AUTO FINANCE RECEIVABLES LLC  (CIK 0001131131), Toyota Auto Receivables 2026-C Owner Trust  (CIK 0002099541) — 8-K referencing 'subpoena'",https://www.sec.gov/cgi-bin/browse-edgar?action=getcompany&CIK=0001131131,
2026-07-21T17:21:14.791011,SEC 8-K (subpoena),2026-07-20,"Vulcan Infrastructure & Power Inc.  (GREE, GREEL)  (CIK 0001844971) — 8-K referencing 'subpoena'",https://www.sec.gov/cgi-bin/browse-edgar?action=getcompany&CIK=0001844971,
2026-07-21T17:21:14.791011,SEC 8-K (subpoena),2026-07-21,AMR Resources Acquisition Corp.  (AMAC)  (CIK 0002110119) — 8-K referencing 'subpoena',https://www.sec.gov/cgi-bin/browse-edgar?action=getcompany&CIK=0002110119,
2026-07-21T17:21:14.791011,SEC 8-K (subpoena),2026-07-21,"TOYOTA AUTO FINANCE RECEIVABLES LLC  (CIK 0001131131), Toyota Auto Receivables 2026-C Owner Trust  (CIK 0002099541) — 8-K referencing 'subpoena'",https://www.sec.gov/cgi-bin/browse-edgar?action=getcompany&CIK=0001131131,
2026-07-21T17:21:14.791011,SEC 8-K (subpoena),2026-07-16,"John Deere Receivables LLC  (CIK 0001762590), John Deere Owner Trust 2026-B  (CIK 0002141933) — 8-K referencing 'subpoena'",https://www.sec.gov/cgi-bin/browse-edgar?action=getcompany&CIK=0001762590,
2026-07-21T17:21:14.791011,SEC 8-K (subpoena),2026-07-21,"Starco Brands, Inc.  (STCB)  (CIK 0001539850) — 8-K referencing 'subpoena'",https://www.sec.gov/cgi-bin/browse-edgar?action=getcompany&CIK=0001539850,
2026-07-21T17:21:14.791011,SEC 8-K (subpoena),2026-07-20,"HA Sustainable Infrastructure Capital, Inc.  (HASI)  (CIK 0001561894) — 8-K referencing 'subpoena'",https://www.sec.gov/cgi-bin/browse-edgar?action=getcompany&CIK=0001561894,
2026-07-21T17:21:14.791011,SEC 8-K (subpoena),2026-07-16,Baker Hughes Co  (BKR)  (CIK 0001701605) — 8-K referencing 'subpoena',https://www.sec.gov/cgi-bin/browse-edgar?action=getcompany&CIK=0001701605,
2026-07-21T17:21:14.791011,SEC 8-K (subpoena),2026-07-20,"WORLD OMNI AUTO RECEIVABLES LLC  (CIK 0001083199), World Omni Select Auto Trust 2026-A  (CIK 0002140699) — 8-K referencing 'subpoena'",https://www.sec.gov/cgi-bin/browse-edgar?action=getcompany&CIK=0001083199,
2026-07-21T17:21:14.791011,SEC 8-K (subpoena),2026-07-16,"CARMAX AUTO FUNDING LLC  (CIK 0001259380), CarMax Auto Owner Trust 2026-3  (CIK 0002142044) — 8-K referencing 'subpoena'",https://www.sec.gov/cgi-bin/browse-edgar?action=getcompany&CIK=0001259380,
2026-07-21T17:21:14.791011,SEC 8-K (subpoena),2026-07-16,"TOYOTA AUTO FINANCE RECEIVABLES LLC  (CIK 0001131131), Toyota Auto Receivables 2026-C Owner Trust  (CIK 0002099541) — 8-K referencing 'subpoena'",https://www.sec.gov/cgi-bin/browse-edgar?action=getcompany&CIK=0001131131,
2026-07-21T17:21:14.791011,SEC 8-K (subpoena),2026-07-21,"TOYOTA AUTO FINANCE RECEIVABLES LLC  (CIK 0001131131), Toyota Auto Receivables 2026-C Owner Trust  (CIK 0002099541) — 8-K referencing 'subpoena'",https://www.sec.gov/cgi-bin/browse-edgar?action=getcompany&CIK=0001131131,
2026-07-21T17:21:14.791011,SEC 8-K (subpoena),2026-07-16,Baker Hughes Co  (BKR)  (CIK 0001701605) — 8-K referencing 'subpoena',https://www.sec.gov/cgi-bin/browse-edgar?action=getcompany&CIK=0001701605,
2026-07-21T17:21:14.791011,SEC 8-K (subpoena),2026-07-21,"TXNM ENERGY INC  (TXNM)  (CIK 0001108426), PUBLIC SERVICE CO OF NEW MEXICO  (CIK 0000081023) — 8-K referencing 'subpoena'",https://www.sec.gov/cgi-bin/browse-edgar?action=getcompany&CIK=0001108426,
2026-07-21T17:21:14.791011,SEC 8-K (subpoena),2026-07-20,"EPR PROPERTIES  (EPR, EPR-PC, EPR-PE, EPR-PG)  (CIK 0001045450) — 8-K referencing 'subpoena'",https://www.sec.gov/cgi-bin/browse-edgar?action=getcompany&CIK=0001045450,
2026-07-21T17:21:14.791011,SEC 8-K (subpoena),2026-07-17,"Kimbell Royalty Partners, LP  (KRP)  (CIK 0001657788) — 8-K referencing 'subpoena'",https://www.sec.gov/cgi-bin/browse-edgar?action=getcompany&CIK=0001657788,
2026-07-21T17:21:14.791011,SEC 8-K (subpoena),2026-07-20,"TXNM ENERGY INC  (TXNM)  (CIK 0001108426), PUBLIC SERVICE CO OF NEW MEXICO  (CIK 0000081023) — 8-K referencing 'subpoena'",https://www.sec.gov/cgi-bin/browse-edgar?action=getcompany&CIK=0001108426,
2026-07-21T17:21:14.791011,SEC 8-K (subpoena),2026-07-16,"Uber Technologies, Inc  (UBER)  (CIK 0001543151) — 8-K referencing 'subpoena'",https://www.sec.gov/cgi-bin/browse-edgar?action=getcompany&CIK=0001543151,
2026-07-21T17:21:14.791011,SEC 8-K (subpoena),2026-07-20,AdaptHealth Corp.  (AHCO)  (CIK 0001725255) — 8-K referencing 'subpoena',https://www.sec.gov/cgi-bin/browse-edgar?action=getcompany&CIK=0001725255,
2026-07-21T17:21:14.791011,SEC 8-K (subpoena),2026-07-21,"TOYOTA AUTO FINANCE RECEIVABLES LLC  (CIK 0001131131), Toyota Auto Receivables 2026-C Owner Trust  (CIK 0002099541) — 8-K referencing 'subpoena'",https://www.sec.gov/cgi-bin/browse-edgar?action=getcompany&CIK=0001131131,
2026-07-21T17:21:14.791011,SEC 8-K (subpoena),2026-07-17,"AFS SENSUB CORP.  (CIK 0001347185), GM Financial Consumer Automobile Receivables Trust 2026-3  (CIK 0002138743) — 8-K referencing 'subpoena'",https://www.sec.gov/cgi-bin/browse-edgar?action=getcompany&CIK=0001347185,
2026-07-21T17:21:14.791011,SEC 8-K (subpoena),2026-07-16,"TOYOTA AUTO FINANCE RECEIVABLES LLC  (CIK 0001131131), Toyota Auto Receivables 2026-C Owner Trust  (CIK 0002099541) — 8-K referencing 'subpoena'",https://www.sec.gov/cgi-bin/browse-edgar?action=getcompany&CIK=0001131131,
2026-07-21T17:21:14.791011,SEC 8-K (subpoena),2026-07-15,"Tennessee Valley Authority  (TVC, TVE)  (CIK 0001376986) — 8-K referencing 'subpoena'",https://www.sec.gov/cgi-bin/browse-edgar?action=getcompany&CIK=0001376986,
2026-07-21T17:21:14.791011,SEC 8-K (subpoena),2026-07-17,"Jasper Therapeutics, Inc.  (JSPR, JSPRW)  (CIK 0001788028) — 8-K referencing 'subpoena'",https://www.sec.gov/cgi-bin/browse-edgar?action=getcompany&CIK=0001788028,
2026-07-21T17:21:14.791011,SEC 8-K (subpoena),2026-07-20,"LXP Industrial Trust  (LXP, LXP-PC)  (CIK 0000910108) — 8-K referencing 'subpoena'",https://www.sec.gov/cgi-bin/browse-edgar?action=getcompany&CIK=0000910108,
2026-07-21T17:21:14.791011,SEC 8-K (subpoena),2026-07-14,Fidelity Private Credit Co LLC  (CIK 0001899996) — 8-K referencing 'subpoena',https://www.sec.gov/cgi-bin/browse-edgar?action=getcompany&CIK=0001899996,
2026-07-21T17:21:14.791011,SEC 8-K (subpoena),2026-07-20,T Series BDC LLC  (CIK 0001885968) — 8-K referencing 'subpoena',https://www.sec.gov/cgi-bin/browse-edgar?action=getcompany&CIK=0001885968,
2026-07-21T17:21:14.791011,SEC 8-K (subpoena),2026-07-17,"Empire State Realty Trust, Inc.  (ESRT)  (CIK 0001541401), Empire State Realty OP, L.P.  (CIK 0001553079) — 8-K referencing 'subpoena'",https://www.sec.gov/cgi-bin/browse-edgar?action=getcompany&CIK=0001541401,
2026-07-21T17:21:14.791011,SEC 8-K (subpoena),2026-07-21,ACME UNITED CORP  (ACU)  (CIK 0000002098) — 8-K referencing 'subpoena',https://www.sec.gov/cgi-bin/browse-edgar?action=getcompany&CIK=0000002098,
2026-07-21T17:21:14.791011,SEC 8-K (subpoena),2026-07-17,"AFS SENSUB CORP.  (CIK 0001347185), GM Financial Consumer Automobile Receivables Trust 2026-3  (CIK 0002138743) — 8-K referencing 'subpoena'",https://www.sec.gov/cgi-bin/browse-edgar?action=getcompany&CIK=0001347185,
2026-07-21T17:21:14.791011,SEC 8-K (subpoena),2026-07-14,"Anika Therapeutics, Inc.  (ANIK)  (CIK 0000898437) — 8-K referencing 'subpoena'",https://www.sec.gov/cgi-bin/browse-edgar?action=getcompany&CIK=0000898437,
2026-07-21T17:21:14.791011,SEC 8-K (subpoena),2026-07-21,DEL MONTE CORP  (DMC)  (CIK 0001047340) — 8-K referencing 'subpoena',https://www.sec.gov/cgi-bin/browse-edgar?action=getcompany&CIK=0001047340,
2026-07-21T17:21:14.791011,SEC 8-K (subpoena),2026-07-16,"MOVADO GROUP INC  (MOV, MOVAA)  (CIK 0000072573) — 8-K referencing 'subpoena'",https://www.sec.gov/cgi-bin/browse-edgar?action=getcompany&CIK=0000072573,
2026-07-21T17:21:14.791011,SEC 8-K (subpoena),2026-07-20,FULLER H B CO  (FUL)  (CIK 0000039368) — 8-K referencing 'subpoena',https://www.sec.gov/cgi-bin/browse-edgar?action=getcompany&CIK=0000039368,
2026-07-21T17:21:14.791011,SEC 8-K (subpoena),2026-07-21,GAP INC  (GAP)  (CIK 0000039911) — 8-K referencing 'subpoena',https://www.sec.gov/cgi-bin/browse-edgar?action=getcompany&CIK=0000039911,
2026-07-21T17:21:14.791011,SEC 8-K (subpoena),2026-07-16,"Distribution Solutions Group, Inc.  (DSGR)  (CIK 0000703604) — 8-K referencing 'subpoena'",https://www.sec.gov/cgi-bin/browse-edgar?action=getcompany&CIK=0000703604,
2026-07-21T17:21:14.791011,SEC 8-K (subpoena),2026-07-17,"Avantor, Inc.  (AVTR)  (CIK 0001722482) — 8-K referencing 'subpoena'",https://www.sec.gov/cgi-bin/browse-edgar?action=getcompany&CIK=0001722482,
2026-07-21T17:21:14.791011,SEC 8-K (subpoena),2026-07-17,Hilton Grand Vacations Inc.  (HGV)  (CIK 0001674168) — 8-K referencing 'subpoena',https://www.sec.gov/cgi-bin/browse-edgar?action=getcompany&CIK=0001674168,
2026-07-21T17:21:14.791011,SEC 8-K (subpoena),2026-07-17,Citigroup Commercial Mortgage Trust 2026-MFAM1  (CIK 0002143199) — 8-K referencing 'subpoena',https://www.sec.gov/cgi-bin/browse-edgar?action=getcompany&CIK=0002143199,
2026-07-21T17:21:14.791011,SEC 8-K (cybersecurity incident),2026-07-21,EQUIFAX INC  (EFX)  (CIK 0000033185) — 8-K referencing 'cybersecurity incident',https://www.sec.gov/cgi-bin/browse-edgar?action=getcompany&CIK=0000033185,
2026-07-21T17:21:14.791011,SEC 8-K (cybersecurity incident),2026-07-14,"Phoenix Education Partners, Inc.  (PXED)  (CIK 0001600222) — 8-K referencing 'cybersecurity incident'",https://www.sec.gov/cgi-bin/browse-edgar?action=getcompany&CIK=0001600222,
2026-07-21T17:21:14.791011,SEC 8-K (cybersecurity incident),2026-07-17,"CLOVER HEALTH INVESTMENTS, CORP. /DE  (CLOV)  (CIK 0001801170) — 8-K referencing 'cybersecurity incident'",https://www.sec.gov/cgi-bin/browse-edgar?action=getcompany&CIK=0001801170,
2026-07-21T17:21:14.791011,SEC 8-K (cybersecurity incident),2026-07-21,"Aether Holdings, Inc.  (ATHR)  (CIK 0002026353) — 8-K referencing 'cybersecurity incident'",https://www.sec.gov/cgi-bin/browse-edgar?action=getcompany&CIK=0002026353,
2026-07-21T17:21:14.791011,SEC 8-K (cybersecurity incident),2026-07-20,"Personalis, Inc.  (PSNL)  (CIK 0001527753) — 8-K referencing 'cybersecurity incident'",https://www.sec.gov/cgi-bin/browse-edgar?action=getcompany&CIK=0001527753,
2026-07-21T17:21:14.791011,SEC 8-K (cybersecurity incident),2026-07-20,"Tempus AI, Inc.  (TEM)  (CIK 0001717115) — 8-K referencing 'cybersecurity incident'",https://www.sec.gov/cgi-bin/browse-edgar?action=getcompany&CIK=0001717115,
2026-07-21T17:21:14.791011,SEC 8-K (cybersecurity incident),2026-07-17,IPG PHOTONICS CORP  (IPGP)  (CIK 0001111928) — 8-K referencing 'cybersecurity incident',https://www.sec.gov/cgi-bin/browse-edgar?action=getcompany&CIK=0001111928,
2026-07-21T17:21:14.791011,SEC 8-K (product recall),2026-07-20,ELUTIA INC.  (ELUT)  (CIK 0001708527) — 8-K referencing 'product recall',https://www.sec.gov/cgi-bin/browse-edgar?action=getcompany&CIK=0001708527,
2026-07-21T17:21:14.791011,SEC 8-K (product recall),2026-07-14,"Anika Therapeutics, Inc.  (ANIK)  (CIK 0000898437) — 8-K referencing 'product recall'",https://www.sec.gov/cgi-bin/browse-edgar?action=getcompany&CIK=0000898437,
2026-07-21T17:21:14.791011,SEC 8-K (product recall),2026-07-17,IPG PHOTONICS CORP  (IPGP)  (CIK 0001111928) — 8-K referencing 'product recall',https://www.sec.gov/cgi-bin/browse-edgar?action=getcompany&CIK=0001111928,
2026-07-21T17:21:14.791011,SEC 8-K (product recall),2026-07-16,"Distribution Solutions Group, Inc.  (DSGR)  (CIK 0000703604) — 8-K referencing 'product recall'",https://www.sec.gov/cgi-bin/browse-edgar?action=getcompany&CIK=0000703604,
2026-07-21T17:21:14.791011,SEC 8-K (product recall),2026-07-15,"Celsius Holdings, Inc.  (CELH)  (CIK 0001341766) — 8-K referencing 'product recall'",https://www.sec.gov/cgi-bin/browse-edgar?action=getcompany&CIK=0001341766,
2026-07-21T17:21:14.791011,SEC 8-K (enforcement action),2026-07-14,Pluri Inc.  (PLUR)  (CIK 0001158780) — 8-K referencing 'enforcement action',https://www.sec.gov/cgi-bin/browse-edgar?action=getcompany&CIK=0001158780,
2026-07-21T17:21:14.791011,SEC 8-K (enforcement action),2026-07-21,"Jones Ventures INTL Acquisition1 Corp  (JONE, JONEU)  (CIK 0002129056) — 8-K referencing 'enforcement action'",https://www.sec.gov/cgi-bin/browse-edgar?action=getcompany&CIK=0002129056,
2026-07-21T17:21:14.791011,SEC 8-K (enforcement action),2026-07-21,ACME UNITED CORP  (ACU)  (CIK 0000002098) — 8-K referencing 'enforcement action',https://www.sec.gov/cgi-bin/browse-edgar?action=getcompany&CIK=0000002098,
2026-07-21T17:21:14.791011,SEC 8-K (enforcement action),2026-07-15,"Samos Energy Acquisition Corp  (SAMO, SAMO-UN)  (CIK 0002125567) — 8-K referencing 'enforcement action'",https://www.sec.gov/cgi-bin/browse-edgar?action=getcompany&CIK=0002125567,
2026-07-21T17:21:14.791011,SEC 8-K (enforcement action),2026-07-15,"Samos Energy Acquisition Corp  (SAMO, SAMO-UN)  (CIK 0002125567) — 8-K referencing 'enforcement action'",https://www.sec.gov/cgi-bin/browse-edgar?action=getcompany&CIK=0002125567,
2026-07-21T17:21:14.791011,SEC 8-K (enforcement action),2026-07-21,AMR Resources Acquisition Corp.  (AMAC)  (CIK 0002110119) — 8-K referencing 'enforcement action',https://www.sec.gov/cgi-bin/browse-edgar?action=getcompany&CIK=0002110119,
2026-07-21T17:21:14.791011,SEC 8-K (enforcement action),2026-07-17,"Mercator Acquisition Corp.  (MRCO, MRCOU)  (CIK 0002106436) — 8-K referencing 'enforcement action'",https://www.sec.gov/cgi-bin/browse-edgar?action=getcompany&CIK=0002106436,
2026-07-21T17:21:14.791011,SEC 8-K (enforcement action),2026-07-21,"KORE Group Holdings, Inc.  (KORE, KORGW)  (CIK 0001855457) — 8-K referencing 'enforcement action'",https://www.sec.gov/cgi-bin/browse-edgar?action=getcompany&CIK=0001855457,
2026-07-21T17:21:14.791011,SEC 8-K (enforcement action),2026-07-21,"KIDZ AI Inc.  (KIDZ, KIDZW)  (CIK 0002022308) — 8-K referencing 'enforcement action'",https://www.sec.gov/cgi-bin/browse-edgar?action=getcompany&CIK=0002022308,
2026-07-21T17:21:14.791011,SEC 8-K (enforcement action),2026-07-16,IRIDEX CORP  (IRIX)  (CIK 0001006045) — 8-K referencing 'enforcement action',https://www.sec.gov/cgi-bin/browse-edgar?action=getcompany&CIK=0001006045,
2026-07-21T17:21:14.791011,SEC 8-K (enforcement action),2026-07-14,FIRST BANCORP /NC/  (FBNC)  (CIK 0000811589) — 8-K referencing 'enforcement action',https://www.sec.gov/cgi-bin/browse-edgar?action=getcompany&CIK=0000811589,
2026-07-21T17:21:14.791011,SEC 8-K (enforcement action),2026-07-21,"M&T BANK CORP  (MTB, MTB-PH, MTB-PJ, MTB-PK)  (CIK 0000036270) — 8-K referencing 'enforcement action'",https://www.sec.gov/cgi-bin/browse-edgar?action=getcompany&CIK=0000036270,
2026-07-21T17:21:14.791011,SEC 8-K (enforcement action),2026-07-21,FIRST FINANCIAL BANCORP /OH/  (FFBC)  (CIK 0000708955) — 8-K referencing 'enforcement action',https://www.sec.gov/cgi-bin/browse-edgar?action=getcompany&CIK=0000708955,
2026-07-21T17:21:14.791011,SEC 8-K (enforcement action),2026-07-21,Finward Bancorp  (FNWD)  (CIK 0000919864) — 8-K referencing 'enforcement action',https://www.sec.gov/cgi-bin/browse-edgar?action=getcompany&CIK=0000919864,
2026-07-21T17:21:14.791011,SEC 8-K (enforcement action),2026-07-21,"JUPITER NEUROSCIENCES, INC.  (JUNS)  (CIK 0001679628) — 8-K referencing 'enforcement action'",https://www.sec.gov/cgi-bin/browse-edgar?action=getcompany&CIK=0001679628,
2026-07-21T17:21:14.791011,SEC 8-K (enforcement action),2026-07-20,"Personalis, Inc.  (PSNL)  (CIK 0001527753) — 8-K referencing 'enforcement action'",https://www.sec.gov/cgi-bin/browse-edgar?action=getcompany&CIK=0001527753,
2026-07-21T17:21:14.791011,SEC 8-K (enforcement action),2026-07-20,"Tempus AI, Inc.  (TEM)  (CIK 0001717115) — 8-K referencing 'enforcement action'",https://www.sec.gov/cgi-bin/browse-edgar?action=getcompany&CIK=0001717115,
2026-07-21T17:21:14.791011,SEC 8-K (enforcement action),2026-07-16,JFB Construction Holdings  (JFB)  (CIK 0002024306) — 8-K referencing 'enforcement action',https://www.sec.gov/cgi-bin/browse-edgar?action=getcompany&CIK=0002024306,
2026-07-21T17:21:14.791011,SEC 8-K (enforcement action),2026-07-15,TRICO BANCSHARES /  (TCBK)  (CIK 0000356171) — 8-K referencing 'enforcement action',https://www.sec.gov/cgi-bin/browse-edgar?action=getcompany&CIK=0000356171,
2026-07-21T17:21:14.791011,SEC 8-K (enforcement action),2026-07-17,IPG PHOTONICS CORP  (IPGP)  (CIK 0001111928) — 8-K referencing 'enforcement action',https://www.sec.gov/cgi-bin/browse-edgar?action=getcompany&CIK=0001111928,
2026-07-21T17:21:14.791011,SEC 8-K (enforcement action),2026-07-15,"FIRST HAWAIIAN, INC.  (FHB)  (CIK 0000036377) — 8-K referencing 'enforcement action'",https://www.sec.gov/cgi-bin/browse-edgar?action=getcompany&CIK=0000036377,
2026-07-21T17:21:14.791011,SEC 8-K (enforcement action),2026-07-17,Citigroup Commercial Mortgage Trust 2026-MFAM1  (CIK 0002143199) — 8-K referencing 'enforcement action',https://www.sec.gov/cgi-bin/browse-edgar?action=getcompany&CIK=0002143199,
2026-07-21T17:21:14.791011,SEC 8-K (enforcement action),2026-07-20,ELUTIA INC.  (ELUT)  (CIK 0001708527) — 8-K referencing 'enforcement action',https://www.sec.gov/cgi-bin/browse-edgar?action=getcompany&CIK=0001708527,
2026-07-21T17:21:14.791011,SEC 8-K (enforcement action),2026-07-16,AtaiBeckley Inc.  (ATAI)  (CIK 0002081043) — 8-K referencing 'enforcement action',https://www.sec.gov/cgi-bin/browse-edgar?action=getcompany&CIK=0002081043,
2026-07-21T17:21:14.791011,SEC 8-K (enforcement action),2026-07-15,Prestige Consumer Healthcare Inc.  (PBH)  (CIK 0001295947) — 8-K referencing 'enforcement action',https://www.sec.gov/cgi-bin/browse-edgar?action=getcompany&CIK=0001295947,
2026-07-21T17:21:14.791011,SEC 8-K (enforcement action),2026-07-16,"Array Technologies, Inc.  (ARRY)  (CIK 0001820721) — 8-K referencing 'enforcement action'",https://www.sec.gov/cgi-bin/browse-edgar?action=getcompany&CIK=0001820721,
2026-07-21T17:21:14.791011,SEC 8-K (enforcement action),2026-07-16,"Distribution Solutions Group, Inc.  (DSGR)  (CIK 0000703604) — 8-K referencing 'enforcement action'",https://www.sec.gov/cgi-bin/browse-edgar?action=getcompany&CIK=0000703604,
2026-07-21T17:21:14.791011,SEC 8-K (enforcement action),2026-07-17,"Kimbell Royalty Partners, LP  (KRP)  (CIK 0001657788) — 8-K referencing 'enforcement action'",https://www.sec.gov/cgi-bin/browse-edgar?action=getcompany&CIK=0001657788,
2026-07-21T17:21:14.791011,SEC 8-K (enforcement action),2026-07-20,AdaptHealth Corp.  (AHCO)  (CIK 0001725255) — 8-K referencing 'enforcement action',https://www.sec.gov/cgi-bin/browse-edgar?action=getcompany&CIK=0001725255,
2026-07-21T17:21:14.791011,SEC 8-K (enforcement action),2026-07-20,T Series BDC LLC  (CIK 0001885968) — 8-K referencing 'enforcement action',https://www.sec.gov/cgi-bin/browse-edgar?action=getcompany&CIK=0001885968,
2026-07-21T17:21:14.791011,SEC 8-K (enforcement action),2026-07-21,UNIVERSAL HEALTH SERVICES INC  (UHS)  (CIK 0000352915) — 8-K referencing 'enforcement action',https://www.sec.gov/cgi-bin/browse-edgar?action=getcompany&CIK=0000352915,
2026-07-21T17:21:14.791011,SEC 8-K (enforcement action),2026-07-14,"Anika Therapeutics, Inc.  (ANIK)  (CIK 0000898437) — 8-K referencing 'enforcement action'",https://www.sec.gov/cgi-bin/browse-edgar?action=getcompany&CIK=0000898437,
2026-07-21T17:21:14.791011,SEC 8-K (enforcement action),2026-07-20,Magnolia Oil & Gas Corp  (MGY)  (CIK 0001698990) — 8-K referencing 'enforcement action',https://www.sec.gov/cgi-bin/browse-edgar?action=getcompany&CIK=0001698990,
2026-07-21T17:21:14.791011,SEC 8-K (enforcement action),2026-07-17,Citigroup Commercial Mortgage Trust 2026-MFAM1  (CIK 0002143199) — 8-K referencing 'enforcement action',https://www.sec.gov/cgi-bin/browse-edgar?action=getcompany&CIK=0002143199,
2026-07-21T17:21:14.791011,SEC 8-K (enforcement action),2026-07-15,"Celsius Holdings, Inc.  (CELH)  (CIK 0001341766) — 8-K referencing 'enforcement action'",https://www.sec.gov/cgi-bin/browse-edgar?action=getcompany&CIK=0001341766,
2026-07-21T17:21:14.791011,Marler Blog (food safety plaintiff bar),2026-07-21,"Two Federal Documents, Eleven Years Apart, and now another Cyclospora Outbreak",https://www.marlerblog.com/case-news/two-federal-documents-eleven-years-apart-and-now-another-cyclospora-outbreak/,fatality-linked
2026-07-21T17:21:14.791011,Marler Blog (food safety plaintiff bar),2026-07-21,The 2024 Romaine E. coli Outbreak Had a Name the Whole Time. The FDA Just Would Not Say It. Transparency Should Not be an Option,https://www.marlerblog.com/case-news/the-2024-romaine-e-coli-outbreak-had-a-name-the-whole-time-the-fda-just-would-not-say-it-transparency-should-not-be-an-option/,fatality-linked
2026-07-21T17:21:14.791011,Marler Blog (food safety plaintiff bar),2026-07-21,I Was Wrong About the Positive Sample. IFPA Was Right. Now Let’s Both Go Fix the Traceability Rule.,https://www.marlerblog.com/case-news/i-was-wrong-about-the-positive-sample-ifpa-was-right-now-lets-both-go-fix-the-traceability-rule/,
2026-07-21T17:21:14.791011,Marler Blog (food safety plaintiff bar),2026-07-20,"One Test. No Apology. Same Recall. And More Than 10,000 Sick with Cyclospora.",https://www.marlerblog.com/case-news/one-test-no-apology-same-recall-and-more-than-10000-sick-with-cyclospora/,
2026-07-21T17:21:14.791011,Marler Blog (food safety plaintiff bar),2026-07-20,"Taylor Farms Says FDA Apologized. FDA Says, “Product Implicated in This Outbreak.”",https://www.marlerblog.com/case-news/taylor-farms-says-fda-apologized-fda-says-product-implicated-in-this-outbreak/,
2026-07-21T17:21:14.791011,Marler Blog (food safety plaintiff bar),2026-07-20,FDA’s Cyclospora Positive Yesterday Is a False Positive Today. The Victims Ate the Evidence in May.,https://www.marlerblog.com/case-news/fdas-cyclospora-positive-yesterday-is-a-false-positive-today-the-victims-ate-the-evidence-in-may/,multi-state
2026-07-21T17:21:14.791011,Marler Blog (food safety plaintiff bar),2026-07-19,Weekend Wrap-Up: The Source Finally Got a Name — and Then FDA Found It on Lettuce That Was Never Recalled,https://www.marlerblog.com/case-news/weekend-wrap-up-the-source-finally-got-a-name-and-then-fda-found-it-on-lettuce-that-was-never-recalled/,multi-state; fatality-linked
2026-07-21T17:21:14.791011,Marler Blog (food safety plaintiff bar),2026-07-19,"During an Active Cyclospora Outbreak, What do We all Need to Know?",https://www.marlerblog.com/case-news/during-an-active-cyclospora-outbreak-what-do-we-all-need-to-know/,multi-state; fatality-linked
2026-07-21T17:21:14.791011,Marler Blog (food safety plaintiff bar),2026-07-19,I Wrote Back to Western Growers about Cyclospora. Then I Read What Everyone Else in the Industry Said.,https://www.marlerblog.com/case-news/i-wrote-back-to-western-growers-about-cyclospora-then-i-read-what-everyone-else-in-the-industry-said/,fatality-linked
2026-07-21T17:21:14.791011,Marler Blog (food safety plaintiff bar),2026-07-18,FDA Found Cyclospora on Taylor Farms Lettuce at the Border. Credit Where It’s Due. Now Tell Us Where the Rest of That Lot Went.,https://www.marlerblog.com/case-news/fda-found-cyclospora-on-taylor-farms-lettuce-at-the-border-credit-where-its-due-now-tell-us-where-the-rest-of-that-lot-went/,
2026-07-21T17:21:14.791011,Top Class Actions,2026-07-21,How legal intake can impact the outcome of legal marketing,https://topclassactions.com/attorney-marketing/how-legal-intake-can-impact-the-outcome-of-legal-marketing/,class-action
2026-07-21T17:21:14.791011,Top Class Actions,2026-07-21,$1.8M Serviceaide data breach class action settlement,https://topclassactions.com/lawsuit-settlements/open-lawsuit-settlements/1-8m-serviceaide-data-breach-class-action-settlement/,class-action
2026-07-21T17:21:14.791011,Top Class Actions,2026-07-21,Costco class action claims Orgain protein powder contains heavy metals,https://topclassactions.com/lawsuit-settlements/lawsuit-news/costco-class-action-claims-orgain-protein-powder-contains-heavy-metals/,class-action
2026-07-21T17:21:14.791011,Top Class Actions,2026-07-21,Apple faces BIPA class action over alleged Face ID privacy violations,https://topclassactions.com/lawsuit-settlements/lawsuit-news/apple-faces-bipa-class-action-over-alleged-face-id-privacy-violations/,class-action; WATCHLIST:Apple
2026-07-21T17:21:14.791011,Top Class Actions,2026-07-21,Supreme Court limits Roundup lawsuits as Bayer settlement continues,https://topclassactions.com/lawsuit-settlements/lawsuit-news/supreme-court-limits-roundup-lawsuits-as-bayer-settlement-continues/,class-action
2026-07-21T17:21:14.791011,Top Class Actions,2026-07-21,"Cellphone wrong-number robocalls could be worth $500-$1,500 per violation of the federal TCPA",https://topclassactions.com/lawsuit-settlements/investigations/wrong-number-robocall-lawsuit/,class-action
2026-07-21T17:21:14.791011,Top Class Actions,2026-07-21,GM recalls Cadillac Vistiq SUVs over faulty third-row seats,https://topclassactions.com/lawsuit-settlements/lawsuit-news/gm-recalls-cadillac-vistiq-suvs-over-faulty-third-row-seats/,class-action
2026-07-21T17:21:14.791011,Top Class Actions,2026-07-20,Arizona Beverages sued over alleged false ‘100% Natural’ tea labels,https://topclassactions.com/lawsuit-settlements/lawsuit-news/arizona-beverages-sued-over-alleged-false-100-natural-tea-labels/,class-action
2026-07-21T17:21:14.791011,Top Class Actions,2026-07-20,$1.75M AT&T Washington wage class action settlement,https://topclassactions.com/lawsuit-settlements/open-lawsuit-settlements/1-75m-att-washington-wage-class-action-settlement/,class-action
2026-07-21T17:21:14.791011,Top Class Actions,2026-07-20,Real estate spam texts and robocalls may violate the TCPA,https://topclassactions.com/lawsuit-settlements/investigations/unsolicited-real-estate-robocalls-and-spam-texts-violate-the-tcpa/,class-action
2026-07-21T17:21:14.791011,Top Class Actions,2026-07-20,Timex class action alleges deceptive email subject lines violated Washington spam law,https://topclassactions.com/lawsuit-settlements/lawsuit-news/timex-class-action-alleges-deceptive-email-subject-lines-violated-washington-spam-law/,class-action
2026-07-21T17:21:14.791011,Top Class Actions,2026-07-20,AppFolio class action alleges hidden fees on rent payments,https://topclassactions.com/lawsuit-settlements/lawsuit-news/appfolio-class-action-alleges-hidden-fees-on-rent-payments/,class-action
2026-07-21T17:21:14.791011,Top Class Actions,2026-07-20,John Hancock voiceprint ruling highlights limits of Illinois biometric privacy law,https://topclassactions.com/lawsuit-settlements/lawsuit-news/john-hancock-voiceprint-ruling-highlights-limits-of-illinois-biometric-privacy-law/,class-action
2026-07-21T17:21:14.791011,Top Class Actions,2026-07-20,"Ford recalls more than 100,000 Mustangs due to safety concerns",https://topclassactions.com/lawsuit-settlements/lawsuit-news/ford-recalls-more-than-100000-mustangs-due-to-safety-concerns/,class-action
2026-07-21T17:21:14.791011,Top Class Actions,2026-07-17,$2.5M FitOn video privacy class action settlement,https://topclassactions.com/lawsuit-settlements/open-lawsuit-settlements/2-5m-fiton-video-privacy-class-action-settlement/,class-action
2026-07-21T17:21:14.791011,Top Class Actions,2026-07-17,"GM class action alleges coolant leak defect affects Chevrolet, GMC and Buick vehicles",https://topclassactions.com/lawsuit-settlements/lawsuit-news/gm-class-action-alleges-coolant-leak-defect-affects-chevrolet-gmc-and-buick-vehicles/,class-action
2026-07-21T17:21:14.791011,Top Class Actions,2026-07-17,Lume class action alleges ‘unscented’ deodorant contains fragrance,https://topclassactions.com/lawsuit-settlements/lawsuit-news/lume-class-action-alleges-unscented-deodorant-contains-fragrance/,class-action
2026-07-21T17:21:14.791011,Top Class Actions,2026-07-17,TikTok class action lawsuit: Did TikTok collect your child’s personal data?,https://topclassactions.com/lawsuit-settlements/investigations/tiktok-child-privacy-class-action-lawsuit-2/,class-action
2026-07-21T17:21:14.791011,Top Class Actions,2026-07-17,Match.com sued over alleged hidden paywall for Highlights feature,https://topclassactions.com/lawsuit-settlements/lawsuit-news/match-com-sued-over-alleged-hidden-paywall-for-highlights-feature/,class-action
2026-07-21T17:21:14.791011,Top Class Actions,2026-07-17,Mars Petcare recalls Pedigree dog food due to foreign materials in fraudulent resales,https://topclassactions.com/lawsuit-settlements/lawsuit-news/mars-petcare-recalls-pedigree-dog-food-due-to-foreign-materials-in-fraudulent-resales/,class-action
2026-07-21T17:21:14.791011,Top Class Actions,2026-07-16,Skims hit with wage lawsuit alleging ‘systematic’ violations,https://topclassactions.com/lawsuit-settlements/lawsuit-news/skims-hit-with-wage-lawsuit-alleging-systematic-violations/,class-action
2026-07-21T17:21:14.791011,Top Class Actions,2026-07-16,$50M Disney antitrust class action settlement,https://topclassactions.com/lawsuit-settlements/open-lawsuit-settlements/50m-disney-antitrust-class-action-settlement/,class-action
2026-07-21T17:21:14.791011,Top Class Actions,2026-07-16,Arkansas lawsuit claims Snapchat puts minors at risk through disappearing messages,https://topclassactions.com/lawsuit-settlements/lawsuit-news/arkansas-lawsuit-claims-snapchat-puts-minors-at-risk-through-disappearing-messages/,class-action
2026-07-21T17:21:14.791011,Top Class Actions,2026-07-16,TikTok class action claims data breach exposed info of 2.4B users,https://topclassactions.com/lawsuit-settlements/lawsuit-news/tiktok-class-action-claims-data-breach-exposed-info-of-2-4b-users/,class-action
2026-07-21T17:21:14.791011,Top Class Actions,2026-07-16,DraftKings class action alleges data broker software used to track website visitors,https://topclassactions.com/lawsuit-settlements/lawsuit-news/draftkings-class-action-alleges-data-broker-software-used-to-track-website-visitors/,class-action
2026-07-21T17:21:14.791011,Top Class Actions,2026-07-16,"Ford recalls over 741,000 SUVs and pickups due to rollaway risk",https://topclassactions.com/lawsuit-settlements/lawsuit-news/ford-recalls-over-741000-suvs-and-pickups-due-to-rollaway-risk/,class-action
2026-07-21T17:21:14.791011,Top Class Actions,2026-07-15,Cove USA class action alleges perpetual flash sales deceived consumers,https://topclassactions.com/lawsuit-settlements/lawsuit-news/cove-usa-class-action-alleges-perpetual-flash-sales-deceived-consumers/,class-action
2026-07-21T17:21:14.791011,Top Class Actions,2026-07-15,$2.95M STIIIZY data breach class action settlement,https://topclassactions.com/lawsuit-settlements/open-lawsuit-settlements/2-95m-stiiizy-data-breach-class-action-settlement/,class-action
2026-07-21T17:21:14.791011,Top Class Actions,2026-07-15,Class action alleges Temu used deceptive spam emails to install tracking technology,https://topclassactions.com/lawsuit-settlements/lawsuit-news/class-action-alleges-temu-used-deceptive-spam-emails-to-install-tracking-technology/,class-action
2026-07-21T17:21:14.791011,Top Class Actions,2026-07-15,Jeep 4xe battery lawsuit: Learn about your legal options,https://topclassactions.com/lawsuit-settlements/investigations/jeep-4xe-battery-defect-arbitration/,class-action
2026-07-21T17:21:14.791011,Top Class Actions,2026-07-15,Popflex sued over alleged deceptive checkout tactics and hidden fees,https://topclassactions.com/lawsuit-settlements/lawsuit-news/popflex-sued-over-alleged-deceptive-checkout-tactics-and-hidden-fees/,class-action
2026-07-21T17:21:14.791011,Top Class Actions,2026-07-15,Roblox addiction lawsuit – parents may qualify for compensation,https://topclassactions.com/lawsuit-settlements/investigations/roblox-addiction-class-action-lawsuit/,class-action
2026-07-21T17:21:14.791011,Top Class Actions,2026-07-15,Cash App parent Block to pay $45M to settle states’ fraud protection claims,https://topclassactions.com/lawsuit-settlements/lawsuit-news/cash-app-parent-block-to-pay-45m-to-settle-states-fraud-protection-claims/,class-action
2026-07-21T17:21:14.791011,Top Class Actions,2026-07-15,"Land Rover recalls Defender, Discovery and Range Rover vehicles due to airbag issue",https://topclassactions.com/lawsuit-settlements/lawsuit-news/land-rover-recalls-defender-discovery-and-range-rover-vehicles-due-to-airbag-issue/,class-action
2026-07-21T17:21:14.791011,Top Class Actions,2026-07-15,Wage theft lawsuit investigation: Are you owed unpaid overtime?,https://topclassactions.com/lawsuit-settlements/investigations/wage-theft-lawsuit-investigation-are-you-owed-unpaid-overtime/,class-action
2026-07-21T17:21:14.791011,Top Class Actions,2026-07-14,Spam texts during TCPA quiet hours?,https://topclassactions.com/lawsuit-settlements/investigations/tcpa-quiet-hours-text-message-violations-class-action/,class-action
2026-07-21T17:21:14.791011,Top Class Actions,2026-07-14,$3.04M Las Vegas Grand Prix tickets class action settlement,https://topclassactions.com/lawsuit-settlements/open-lawsuit-settlements/3-04m-las-vegas-grand-prix-tickets-class-action-settlement/,class-action
2026-07-21T17:21:14.791011,Top Class Actions,2026-07-14,Dig Inn class action alleges restaurant group hides delivery fees as taxes,https://topclassactions.com/lawsuit-settlements/lawsuit-news/dig-inn-class-action-alleges-restaurant-group-hides-delivery-fees-as-taxes/,class-action
2026-07-21T17:21:14.791011,Top Class Actions,2026-07-14,"Dude Wipes class action alleges flushable wipes not plant-based, hypoallergenic",https://topclassactions.com/lawsuit-settlements/lawsuit-news/dude-wipes-class-action-alleges-flushable-wipes-not-plant-based-hypoallergenic/,class-action
2026-07-21T17:21:14.791011,Top Class Actions,2026-07-14,Hilton Grand Vacations accused of violating TCPA with repeated marketing calls,https://topclassactions.com/lawsuit-settlements/lawsuit-news/hilton-grand-vacations-accused-of-violating-tcpa-with-repeated-marketing-calls/,class-action
2026-07-21T17:21:14.791011,Top Class Actions,2026-07-14,"Hyundai recalls 96,000 Tucson SUVs due to software glitch",https://topclassactions.com/lawsuit-settlements/lawsuit-news/hyundai-recalls-96000-tucson-suvs-due-to-software-glitch/,class-action
2026-07-21T17:25:33.208366,SEC 8-K (putative class action),2026-07-15,SLM Student Loan Trust 2005-5  (CIK 0001330979) — 8-K referencing 'putative class action',https://www.sec.gov/cgi-bin/browse-edgar?action=getcompany&CIK=0001330979,class-action
2026-07-21T17:25:33.208366,SEC 8-K (putative class action),2026-07-15,SLM Student Loan Trust 2005-7  (CIK 0001331696) — 8-K referencing 'putative class action',https://www.sec.gov/cgi-bin/browse-edgar?action=getcompany&CIK=0001331696,class-action
2026-07-21T17:25:33.208366,SEC 8-K (putative class action),2026-07-15,SLM Student Loan Trust 2006-5  (CIK 0001358239) — 8-K referencing 'putative class action',https://www.sec.gov/cgi-bin/browse-edgar?action=getcompany&CIK=0001358239,class-action
2026-07-21T17:25:33.208366,SEC 8-K (wrongful termination),2026-07-17,"Hagerty, Inc.  (HGTY)  (CIK 0001840776) — 8-K referencing 'wrongful termination'",https://www.sec.gov/cgi-bin/browse-edgar?action=getcompany&CIK=0001840776,
2026-07-21T17:25:33.208366,SEC 8-K (wrongful termination),2026-07-21,MARRIOTT VACATIONS WORLDWIDE Corp  (VAC)  (CIK 0001524358) — 8-K referencing 'wrongful termination',https://www.sec.gov/cgi-bin/browse-edgar?action=getcompany&CIK=0001524358,
2026-07-21T17:25:33.208366,SEC 8-K (wrongful termination),2026-07-20,"Kalaris Therapeutics, Inc.  (KLRS)  (CIK 0001754068) — 8-K referencing 'wrongful termination'",https://www.sec.gov/cgi-bin/browse-edgar?action=getcompany&CIK=0001754068,
2026-07-21T17:25:33.208366,SEC 8-K (wrongful termination),2026-07-17,"Hagerty, Inc.  (HGTY)  (CIK 0001840776) — 8-K referencing 'wrongful termination'",https://www.sec.gov/cgi-bin/browse-edgar?action=getcompany&CIK=0001840776,
2026-07-21T17:25:33.208366,SEC 8-K (whistleblower),2026-07-21,MARRIOTT VACATIONS WORLDWIDE Corp  (VAC)  (CIK 0001524358) — 8-K referencing 'whistleblower',https://www.sec.gov/cgi-bin/browse-edgar?action=getcompany&CIK=0001524358,whistleblower
2026-07-21T17:25:33.208366,SEC 8-K (whistleblower),2026-07-20,"USA Rare Earth, Inc.  (USAR)  (CIK 0001970622) — 8-K referencing 'whistleblower'",https://www.sec.gov/cgi-bin/browse-edgar?action=getcompany&CIK=0001970622,whistleblower
2026-07-21T17:25:33.208366,SEC 8-K (whistleblower),2026-07-17,"PSB Financial, Inc.  (PNSB)  (CIK 0002087419) — 8-K referencing 'whistleblower'",https://www.sec.gov/cgi-bin/browse-edgar?action=getcompany&CIK=0002087419,whistleblower
2026-07-21T17:25:33.208366,SEC 8-K (whistleblower),2026-07-17,"PSB Financial, Inc.  (PNSB)  (CIK 0002087419) — 8-K referencing 'whistleblower'",https://www.sec.gov/cgi-bin/browse-edgar?action=getcompany&CIK=0002087419,whistleblower
2026-07-21T17:25:33.208366,SEC 8-K (whistleblower),2026-07-14,"Accel Entertainment, Inc.  (ACEL)  (CIK 0001698991) — 8-K referencing 'whistleblower'",https://www.sec.gov/cgi-bin/browse-edgar?action=getcompany&CIK=0001698991,whistleblower
2026-07-21T17:25:33.208366,SEC 8-K (whistleblower),2026-07-16,"Harmony Biosciences Holdings, Inc.  (HRMY)  (CIK 0001802665) — 8-K referencing 'whistleblower'",https://www.sec.gov/cgi-bin/browse-edgar?action=getcompany&CIK=0001802665,whistleblower
2026-07-21T17:25:33.208366,SEC 8-K (whistleblower),2026-07-17,MSC INDUSTRIAL DIRECT CO INC  (MSM)  (CIK 0001003078) — 8-K referencing 'whistleblower',https://www.sec.gov/cgi-bin/browse-edgar?action=getcompany&CIK=0001003078,whistleblower
2026-07-21T17:25:33.208366,SEC 8-K (whistleblower),2026-07-17,"Chiron Real Estate Inc.  (XRN, XRN-PA, XRN-PB)  (CIK 0001533615) — 8-K referencing 'whistleblower'",https://www.sec.gov/cgi-bin/browse-edgar?action=getcompany&CIK=0001533615,whistleblower
2026-07-21T17:25:33.208366,SEC 8-K (whistleblower),2026-07-17,"Chiron Real Estate Inc.  (XRN, XRN-PA, XRN-PB)  (CIK 0001533615) — 8-K referencing 'whistleblower'",https://www.sec.gov/cgi-bin/browse-edgar?action=getcompany&CIK=0001533615,whistleblower
2026-07-21T17:25:33.208366,SEC 8-K (whistleblower),2026-07-17,"Chiron Real Estate Inc.  (XRN, XRN-PA, XRN-PB)  (CIK 0001533615) — 8-K referencing 'whistleblower'",https://www.sec.gov/cgi-bin/browse-edgar?action=getcompany&CIK=0001533615,whistleblower
2026-07-21T17:25:33.208366,SEC 8-K (whistleblower),2026-07-17,"Chiron Real Estate Inc.  (XRN, XRN-PA, XRN-PB)  (CIK 0001533615) — 8-K referencing 'whistleblower'",https://www.sec.gov/cgi-bin/browse-edgar?action=getcompany&CIK=0001533615,whistleblower
2026-07-21T17:25:33.208366,SEC 8-K (whistleblower),2026-07-17,"Cadrenal Therapeutics, Inc.  (CVKD)  (CIK 0001937993) — 8-K referencing 'whistleblower'",https://www.sec.gov/cgi-bin/browse-edgar?action=getcompany&CIK=0001937993,whistleblower
2026-07-21T17:25:33.208366,SEC 8-K (whistleblower),2026-07-14,Coronado Global Resources Inc.  (CODQL)  (CIK 0001770561) — 8-K referencing 'whistleblower',https://www.sec.gov/cgi-bin/browse-edgar?action=getcompany&CIK=0001770561,whistleblower
2026-07-21T17:25:33.208366,SEC 8-K (whistleblower),2026-07-17,LINDSAY CORP  (LNN)  (CIK 0000836157) — 8-K referencing 'whistleblower',https://www.sec.gov/cgi-bin/browse-edgar?action=getcompany&CIK=0000836157,whistleblower
2026-07-21T17:25:33.208366,SEC 8-K (whistleblower),2026-07-21,"Twenty One Capital, Inc.  (XXI)  (CIK 0002070457) — 8-K referencing 'whistleblower'",https://www.sec.gov/cgi-bin/browse-edgar?action=getcompany&CIK=0002070457,whistleblower
2026-07-21T17:25:33.208366,SEC 8-K (whistleblower),2026-07-20,"USA Rare Earth, Inc.  (USAR)  (CIK 0001970622) — 8-K referencing 'whistleblower'",https://www.sec.gov/cgi-bin/browse-edgar?action=getcompany&CIK=0001970622,whistleblower
2026-07-21T17:25:33.208366,SEC 8-K (whistleblower),2026-07-15,"Lamb Weston Holdings, Inc.  (LW)  (CIK 0001679273) — 8-K referencing 'whistleblower'",https://www.sec.gov/cgi-bin/browse-edgar?action=getcompany&CIK=0001679273,whistleblower
2026-07-21T17:25:33.208366,SEC 8-K (whistleblower),2026-07-14,"Accel Entertainment, Inc.  (ACEL)  (CIK 0001698991) — 8-K referencing 'whistleblower'",https://www.sec.gov/cgi-bin/browse-edgar?action=getcompany&CIK=0001698991,whistleblower
2026-07-21T17:25:33.208366,SEC 8-K (whistleblower),2026-07-14,PVH CORP. /DE/  (PVH)  (CIK 0000078239) — 8-K referencing 'whistleblower',https://www.sec.gov/cgi-bin/browse-edgar?action=getcompany&CIK=0000078239,whistleblower
2026-07-21T17:25:33.208366,SEC 8-K (whistleblower),2026-07-14,Stonepeak-Plus Infrastructure Fund LP  (CIK 0002045458) — 8-K referencing 'whistleblower',https://www.sec.gov/cgi-bin/browse-edgar?action=getcompany&CIK=0002045458,whistleblower
2026-07-21T17:25:33.208366,SEC 8-K (whistleblower),2026-07-16,International Stem Cell CORP  (ISCO)  (CIK 0001355790) — 8-K referencing 'whistleblower',https://www.sec.gov/cgi-bin/browse-edgar?action=getcompany&CIK=0001355790,whistleblower
2026-07-21T17:25:33.208366,SEC 8-K (whistleblower),2026-07-20,"Personalis, Inc.  (PSNL)  (CIK 0001527753) — 8-K referencing 'whistleblower'",https://www.sec.gov/cgi-bin/browse-edgar?action=getcompany&CIK=0001527753,whistleblower
2026-07-21T17:25:33.208366,SEC 8-K (whistleblower),2026-07-20,"Tempus AI, Inc.  (TEM)  (CIK 0001717115) — 8-K referencing 'whistleblower'",https://www.sec.gov/cgi-bin/browse-edgar?action=getcompany&CIK=0001717115,whistleblower
2026-07-21T17:25:33.208366,SEC 8-K (whistleblower),2026-07-14,DIODES INC /DEL/  (DIOD)  (CIK 0000029002) — 8-K referencing 'whistleblower',https://www.sec.gov/cgi-bin/browse-edgar?action=getcompany&CIK=0000029002,whistleblower
2026-07-21T17:25:33.208366,SEC 8-K (whistleblower),2026-07-15,TRICO BANCSHARES /  (TCBK)  (CIK 0000356171) — 8-K referencing 'whistleblower',https://www.sec.gov/cgi-bin/browse-edgar?action=getcompany&CIK=0000356171,whistleblower
2026-07-21T17:25:33.208366,SEC 8-K (whistleblower),2026-07-15,"FIRST HAWAIIAN, INC.  (FHB)  (CIK 0000036377) — 8-K referencing 'whistleblower'",https://www.sec.gov/cgi-bin/browse-edgar?action=getcompany&CIK=0000036377,whistleblower
2026-07-21T17:25:33.208366,SEC 8-K (consent decree),2026-07-20,"Personalis, Inc.  (PSNL)  (CIK 0001527753) — 8-K referencing 'consent decree'",https://www.sec.gov/cgi-bin/browse-edgar?action=getcompany&CIK=0001527753,
2026-07-21T17:25:33.208366,SEC 8-K (consent decree),2026-07-20,"Tempus AI, Inc.  (TEM)  (CIK 0001717115) — 8-K referencing 'consent decree'",https://www.sec.gov/cgi-bin/browse-edgar?action=getcompany&CIK=0001717115,
2026-07-21T17:25:33.208366,SEC 8-K (consent decree),2026-07-21,"M&T BANK CORP  (MTB, MTB-PH, MTB-PJ, MTB-PK)  (CIK 0000036270) — 8-K referencing 'consent decree'",https://www.sec.gov/cgi-bin/browse-edgar?action=getcompany&CIK=0000036270,
2026-07-21T17:25:33.208366,SEC 8-K (consent decree),2026-07-16,International Stem Cell CORP  (ISCO)  (CIK 0001355790) — 8-K referencing 'consent decree',https://www.sec.gov/cgi-bin/browse-edgar?action=getcompany&CIK=0001355790,
2026-07-21T17:25:33.208366,SEC 8-K (consent decree),2026-07-16,"Cardiff Oncology, Inc.  (CRDF)  (CIK 0001213037) — 8-K referencing 'consent decree'",https://www.sec.gov/cgi-bin/browse-edgar?action=getcompany&CIK=0001213037,
2026-07-21T17:25:33.208366,SEC 8-K (consent decree),2026-07-15,"AEON Biopharma, Inc.  (AEON)  (CIK 0001837607) — 8-K referencing 'consent decree'",https://www.sec.gov/cgi-bin/browse-edgar?action=getcompany&CIK=0001837607,
2026-07-21T17:25:33.208366,SEC 8-K (consent decree),2026-07-14,"Alto Neuroscience, Inc.  (ANRO)  (CIK 0001999480) — 8-K referencing 'consent decree'",https://www.sec.gov/cgi-bin/browse-edgar?action=getcompany&CIK=0001999480,
2026-07-21T17:25:33.208366,SEC 8-K (consent decree),2026-07-21,"GoHealth, Inc.  (GOCOQ)  (CIK 0001808220) — 8-K referencing 'consent decree'",https://www.sec.gov/cgi-bin/browse-edgar?action=getcompany&CIK=0001808220,
2026-07-21T17:25:33.208366,SEC 8-K (consent decree),2026-07-15,"CRESCENT BIOPHARMA, INC.  (CBIO)  (CIK 0001253689) — 8-K referencing 'consent decree'",https://www.sec.gov/cgi-bin/browse-edgar?action=getcompany&CIK=0001253689,
2026-07-21T17:25:33.208366,SEC 8-K (consent decree),2026-07-14,"NextCure, Inc.  (NXTC)  (CIK 0001661059) — 8-K referencing 'consent decree'",https://www.sec.gov/cgi-bin/browse-edgar?action=getcompany&CIK=0001661059,
2026-07-21T17:25:33.208366,SEC 8-K (consent decree),2026-07-15,Genasys Inc.  (GNSS)  (CIK 0000924383) — 8-K referencing 'consent decree',https://www.sec.gov/cgi-bin/browse-edgar?action=getcompany&CIK=0000924383,
2026-07-21T17:25:33.208366,SEC 8-K (consent decree),2026-07-15,"Senti Biosciences Holdings, Inc.  (SNTI)  (CIK 0001854270) — 8-K referencing 'consent decree'",https://www.sec.gov/cgi-bin/browse-edgar?action=getcompany&CIK=0001854270,
2026-07-21T17:25:33.208366,SEC 8-K (consent decree),2026-07-16,"Array Technologies, Inc.  (ARRY)  (CIK 0001820721) — 8-K referencing 'consent decree'",https://www.sec.gov/cgi-bin/browse-edgar?action=getcompany&CIK=0001820721,
2026-07-21T17:25:33.208366,SEC 8-K (consent decree),2026-07-16,"Distribution Solutions Group, Inc.  (DSGR)  (CIK 0000703604) — 8-K referencing 'consent decree'",https://www.sec.gov/cgi-bin/browse-edgar?action=getcompany&CIK=0000703604,
2026-07-21T17:25:33.208366,SEC 8-K (consent decree),2026-07-14,"Strategic Storage Trust VI, Inc.  (SGST)  (CIK 0001852575) — 8-K referencing 'consent decree'",https://www.sec.gov/cgi-bin/browse-edgar?action=getcompany&CIK=0001852575,
2026-07-21T17:25:33.208366,SEC 8-K (consent decree),2026-07-20,AdaptHealth Corp.  (AHCO)  (CIK 0001725255) — 8-K referencing 'consent decree',https://www.sec.gov/cgi-bin/browse-edgar?action=getcompany&CIK=0001725255,
2026-07-21T17:25:33.208366,SEC 8-K (consent decree),2026-07-14,DIODES INC /DEL/  (DIOD)  (CIK 0000029002) — 8-K referencing 'consent decree',https://www.sec.gov/cgi-bin/browse-edgar?action=getcompany&CIK=0000029002,
2026-07-21T17:25:33.208366,SEC 8-K (consent decree),2026-07-20,Magnolia Oil & Gas Corp  (MGY)  (CIK 0001698990) — 8-K referencing 'consent decree',https://www.sec.gov/cgi-bin/browse-edgar?action=getcompany&CIK=0001698990,
2026-07-21T17:25:33.208366,SEC 8-K (consent decree),2026-07-20,"LXP Industrial Trust  (LXP, LXP-PC)  (CIK 0000910108) — 8-K referencing 'consent decree'",https://www.sec.gov/cgi-bin/browse-edgar?action=getcompany&CIK=0000910108,
2026-07-21T17:25:33.208366,SEC 8-K (consent decree),2026-07-16,AtaiBeckley Inc.  (ATAI)  (CIK 0002081043) — 8-K referencing 'consent decree',https://www.sec.gov/cgi-bin/browse-edgar?action=getcompany&CIK=0002081043,
2026-07-21T17:25:33.208366,SEC 8-K (consent decree),2026-07-20,"EPR PROPERTIES  (EPR, EPR-PC, EPR-PE, EPR-PG)  (CIK 0001045450) — 8-K referencing 'consent decree'",https://www.sec.gov/cgi-bin/browse-edgar?action=getcompany&CIK=0001045450,
2026-07-21T17:25:33.208366,SEC 8-K (consent decree),2026-07-15,"Celsius Holdings, Inc.  (CELH)  (CIK 0001341766) — 8-K referencing 'consent decree'",https://www.sec.gov/cgi-bin/browse-edgar?action=getcompany&CIK=0001341766,
2026-07-21T17:25:33.208366,SEC 8-K (material weakness),2026-07-15,"HIGH WIRE NETWORKS, INC.  (HWNI)  (CIK 0001413891) — 8-K referencing 'material weakness'",https://www.sec.gov/cgi-bin/browse-edgar?action=getcompany&CIK=0001413891,
2026-07-21T17:25:33.208366,SEC 8-K (material weakness),2026-07-14,AMERICAS CARMART INC  (CRMT)  (CIK 0000799850) — 8-K referencing 'material weakness',https://www.sec.gov/cgi-bin/browse-edgar?action=getcompany&CIK=0000799850,
2026-07-21T17:25:33.208366,SEC 8-K (material weakness),2026-07-20,REGENXBIO Inc.  (RGNX)  (CIK 0001590877) — 8-K referencing 'material weakness',https://www.sec.gov/cgi-bin/browse-edgar?action=getcompany&CIK=0001590877,
2026-07-21T17:25:33.208366,SEC 8-K (material weakness),2026-07-14,"Bridgeline Digital, Inc.  (BLIN)  (CIK 0001378590) — 8-K referencing 'material weakness'",https://www.sec.gov/cgi-bin/browse-edgar?action=getcompany&CIK=0001378590,
2026-07-21T17:25:33.208366,SEC 8-K (material weakness),2026-07-21,"M&T BANK CORP  (MTB, MTB-PH, MTB-PJ, MTB-PK)  (CIK 0000036270) — 8-K referencing 'material weakness'",https://www.sec.gov/cgi-bin/browse-edgar?action=getcompany&CIK=0000036270,
2026-07-21T17:25:33.208366,SEC 8-K (material weakness),2026-07-21,"VisionWave Holdings, Inc.  (VWAV, VWAVW)  (CIK 0002038439) — 8-K referencing 'material weakness'",https://www.sec.gov/cgi-bin/browse-edgar?action=getcompany&CIK=0002038439,
2026-07-21T17:25:33.208366,SEC 8-K (material weakness),2026-07-14,Planet Green Holdings Corp.  (PLAG)  (CIK 0001117057) — 8-K referencing 'material weakness',https://www.sec.gov/cgi-bin/browse-edgar?action=getcompany&CIK=0001117057,
2026-07-21T17:25:33.208366,SEC 8-K (material weakness),2026-07-20,Magnolia Oil & Gas Corp  (MGY)  (CIK 0001698990) — 8-K referencing 'material weakness',https://www.sec.gov/cgi-bin/browse-edgar?action=getcompany&CIK=0001698990,
2026-07-21T17:25:33.208366,SEC 8-K (material weakness),2026-07-15,"Glucotrack, Inc.  (GCTK)  (CIK 0001506983) — 8-K referencing 'material weakness'",https://www.sec.gov/cgi-bin/browse-edgar?action=getcompany&CIK=0001506983,
2026-07-21T17:25:33.208366,SEC 8-K (material weakness),2026-07-17,Sadot Group Inc.  (SDOT)  (CIK 0001701756) — 8-K referencing 'material weakness',https://www.sec.gov/cgi-bin/browse-edgar?action=getcompany&CIK=0001701756,
2026-07-21T17:25:33.208366,SEC 8-K (material weakness),2026-07-17,"Kimbell Royalty Partners, LP  (KRP)  (CIK 0001657788) — 8-K referencing 'material weakness'",https://www.sec.gov/cgi-bin/browse-edgar?action=getcompany&CIK=0001657788,
2026-07-21T17:25:33.208366,SEC 8-K (material weakness),2026-07-14,"NextCure, Inc.  (NXTC)  (CIK 0001661059) — 8-K referencing 'material weakness'",https://www.sec.gov/cgi-bin/browse-edgar?action=getcompany&CIK=0001661059,
2026-07-21T17:25:33.208366,SEC 8-K (material weakness),2026-07-17,"Jasper Therapeutics, Inc.  (JSPR, JSPRW)  (CIK 0001788028) — 8-K referencing 'material weakness'",https://www.sec.gov/cgi-bin/browse-edgar?action=getcompany&CIK=0001788028,
2026-07-21T17:25:33.208366,SEC 8-K (material weakness),2026-07-16,AtaiBeckley Inc.  (ATAI)  (CIK 0002081043) — 8-K referencing 'material weakness',https://www.sec.gov/cgi-bin/browse-edgar?action=getcompany&CIK=0002081043,
2026-07-21T17:25:33.208366,SEC 8-K (internal investigation),2026-07-20,NEOGENOMICS INC  (NEO)  (CIK 0001077183) — 8-K referencing 'internal investigation',https://www.sec.gov/cgi-bin/browse-edgar?action=getcompany&CIK=0001077183,
2026-07-21T17:25:33.208366,SEC 8-K (internal investigation),2026-07-17,"Hagerty, Inc.  (HGTY)  (CIK 0001840776) — 8-K referencing 'internal investigation'",https://www.sec.gov/cgi-bin/browse-edgar?action=getcompany&CIK=0001840776,
2026-07-21T17:25:33.208366,SEC 8-K (internal investigation),2026-07-20,"Kalaris Therapeutics, Inc.  (KLRS)  (CIK 0001754068) — 8-K referencing 'internal investigation'",https://www.sec.gov/cgi-bin/browse-edgar?action=getcompany&CIK=0001754068,
2026-07-21T17:25:33.208366,SEC 8-K (internal investigation),2026-07-17,"Hagerty, Inc.  (HGTY)  (CIK 0001840776) — 8-K referencing 'internal investigation'",https://www.sec.gov/cgi-bin/browse-edgar?action=getcompany&CIK=0001840776,
2026-07-21T17:25:33.208366,SEC 8-K (internal investigation),2026-07-21,"Twenty One Capital, Inc.  (XXI)  (CIK 0002070457) — 8-K referencing 'internal investigation'",https://www.sec.gov/cgi-bin/browse-edgar?action=getcompany&CIK=0002070457,
2026-07-21T17:25:33.208366,SEC 8-K (internal investigation),2026-07-21,"Starco Brands, Inc.  (STCB)  (CIK 0001539850) — 8-K referencing 'internal investigation'",https://www.sec.gov/cgi-bin/browse-edgar?action=getcompany&CIK=0001539850,
2026-07-21T17:25:33.208366,SEC 8-K (internal investigation),2026-07-16,International Stem Cell CORP  (ISCO)  (CIK 0001355790) — 8-K referencing 'internal investigation',https://www.sec.gov/cgi-bin/browse-edgar?action=getcompany&CIK=0001355790,
2026-07-21T17:25:33.208366,SEC 8-K (subpoena),2026-07-20,"Neuronetics, Inc.  (STIM)  (CIK 0001227636) — 8-K referencing 'subpoena'",https://www.sec.gov/cgi-bin/browse-edgar?action=getcompany&CIK=0001227636,
2026-07-21T17:25:33.208366,SEC 8-K (subpoena),2026-07-17,PEDEVCO CORP  (PED)  (CIK 0001141197) — 8-K referencing 'subpoena',https://www.sec.gov/cgi-bin/browse-edgar?action=getcompany&CIK=0001141197,
2026-07-21T17:25:33.208366,SEC 8-K (subpoena),2026-07-21,MARRIOTT VACATIONS WORLDWIDE Corp  (VAC)  (CIK 0001524358) — 8-K referencing 'subpoena',https://www.sec.gov/cgi-bin/browse-edgar?action=getcompany&CIK=0001524358,
2026-07-21T17:25:33.208366,SEC 8-K (subpoena),2026-07-17,"Hagerty, Inc.  (HGTY)  (CIK 0001840776) — 8-K referencing 'subpoena'",https://www.sec.gov/cgi-bin/browse-edgar?action=getcompany&CIK=0001840776,
2026-07-21T17:25:33.208366,SEC 8-K (subpoena),2026-07-14,"Accel Entertainment, Inc.  (ACEL)  (CIK 0001698991) — 8-K referencing 'subpoena'",https://www.sec.gov/cgi-bin/browse-edgar?action=getcompany&CIK=0001698991,
2026-07-21T17:25:33.208366,SEC 8-K (subpoena),2026-07-17,"Cadrenal Therapeutics, Inc.  (CVKD)  (CIK 0001937993) — 8-K referencing 'subpoena'",https://www.sec.gov/cgi-bin/browse-edgar?action=getcompany&CIK=0001937993,
2026-07-21T17:25:33.208366,SEC 8-K (subpoena),2026-07-14,Repay Holdings Corp  (RPAY)  (CIK 0001720592) — 8-K referencing 'subpoena',https://www.sec.gov/cgi-bin/browse-edgar?action=getcompany&CIK=0001720592,
2026-07-21T17:25:33.208366,SEC 8-K (subpoena),2026-07-17,"Hagerty, Inc.  (HGTY)  (CIK 0001840776) — 8-K referencing 'subpoena'",https://www.sec.gov/cgi-bin/browse-edgar?action=getcompany&CIK=0001840776,
2026-07-21T17:25:33.208366,SEC 8-K (subpoena),2026-07-16,"Harmony Biosciences Holdings, Inc.  (HRMY)  (CIK 0001802665) — 8-K referencing 'subpoena'",https://www.sec.gov/cgi-bin/browse-edgar?action=getcompany&CIK=0001802665,
2026-07-21T17:25:33.208366,SEC 8-K (subpoena),2026-07-17,"Hagerty, Inc.  (HGTY)  (CIK 0001840776) — 8-K referencing 'subpoena'",https://www.sec.gov/cgi-bin/browse-edgar?action=getcompany&CIK=0001840776,
2026-07-21T17:25:33.208366,SEC 8-K (subpoena),2026-07-21,"Twenty One Capital, Inc.  (XXI)  (CIK 0002070457) — 8-K referencing 'subpoena'",https://www.sec.gov/cgi-bin/browse-edgar?action=getcompany&CIK=0002070457,
2026-07-21T17:25:33.208366,SEC 8-K (subpoena),2026-07-17,"Hagerty, Inc.  (HGTY)  (CIK 0001840776) — 8-K referencing 'subpoena'",https://www.sec.gov/cgi-bin/browse-edgar?action=getcompany&CIK=0001840776,
2026-07-21T17:25:33.208366,SEC 8-K (subpoena),2026-07-15,"AEON Biopharma, Inc.  (AEON)  (CIK 0001837607) — 8-K referencing 'subpoena'",https://www.sec.gov/cgi-bin/browse-edgar?action=getcompany&CIK=0001837607,
2026-07-21T17:25:33.208366,SEC 8-K (subpoena),2026-07-15,"Glucotrack, Inc.  (GCTK)  (CIK 0001506983) — 8-K referencing 'subpoena'",https://www.sec.gov/cgi-bin/browse-edgar?action=getcompany&CIK=0001506983,
2026-07-21T17:25:33.208366,SEC 8-K (subpoena),2026-07-17,"Mercator Acquisition Corp.  (MRCO, MRCOU)  (CIK 0002106436) — 8-K referencing 'subpoena'",https://www.sec.gov/cgi-bin/browse-edgar?action=getcompany&CIK=0002106436,
2026-07-21T17:25:33.208366,SEC 8-K (subpoena),2026-07-17,LINDSAY CORP  (LNN)  (CIK 0000836157) — 8-K referencing 'subpoena',https://www.sec.gov/cgi-bin/browse-edgar?action=getcompany&CIK=0000836157,
2026-07-21T17:25:33.208366,SEC 8-K (subpoena),2026-07-14,Longeveron Inc.  (LGVN)  (CIK 0001721484) — 8-K referencing 'subpoena',https://www.sec.gov/cgi-bin/browse-edgar?action=getcompany&CIK=0001721484,
2026-07-21T17:25:33.208366,SEC 8-K (subpoena),2026-07-20,"USA Rare Earth, Inc.  (USAR)  (CIK 0001970622) — 8-K referencing 'subpoena'",https://www.sec.gov/cgi-bin/browse-edgar?action=getcompany&CIK=0001970622,
2026-07-21T17:25:33.208366,SEC 8-K (subpoena),2026-07-17,"AFS SENSUB CORP.  (CIK 0001347185), GM Financial Consumer Automobile Receivables Trust 2026-3  (CIK 0002138743) — 8-K referencing 'subpoena'",https://www.sec.gov/cgi-bin/browse-edgar?action=getcompany&CIK=0001347185,
2026-07-21T17:25:33.208366,SEC 8-K (subpoena),2026-07-21,Nano Dimension Ltd.  (NNDM)  (CIK 0001643303) — 8-K referencing 'subpoena',https://www.sec.gov/cgi-bin/browse-edgar?action=getcompany&CIK=0001643303,
2026-07-21T17:25:33.208366,SEC 8-K (subpoena),2026-07-16,"VPR Brands, LP.  (VPRB)  (CIK 0001376231) — 8-K referencing 'subpoena'",https://www.sec.gov/cgi-bin/browse-edgar?action=getcompany&CIK=0001376231,
2026-07-21T17:25:33.208366,SEC 8-K (subpoena),2026-07-17,"Hagerty, Inc.  (HGTY)  (CIK 0001840776) — 8-K referencing 'subpoena'",https://www.sec.gov/cgi-bin/browse-edgar?action=getcompany&CIK=0001840776,
2026-07-21T17:25:33.208366,SEC 8-K (subpoena),2026-07-17,Sadot Group Inc.  (SDOT)  (CIK 0001701756) — 8-K referencing 'subpoena',https://www.sec.gov/cgi-bin/browse-edgar?action=getcompany&CIK=0001701756,
2026-07-21T17:25:33.208366,SEC 8-K (subpoena),2026-07-17,"Csquare, Inc.  (CSQR)  (CIK 0002105398) — 8-K referencing 'subpoena'",https://www.sec.gov/cgi-bin/browse-edgar?action=getcompany&CIK=0002105398,
2026-07-21T17:25:33.208366,SEC 8-K (subpoena),2026-07-17,MSC INDUSTRIAL DIRECT CO INC  (MSM)  (CIK 0001003078) — 8-K referencing 'subpoena',https://www.sec.gov/cgi-bin/browse-edgar?action=getcompany&CIK=0001003078,
2026-07-21T17:25:33.208366,SEC 8-K (subpoena),2026-07-17,Sadot Group Inc.  (SDOT)  (CIK 0001701756) — 8-K referencing 'subpoena',https://www.sec.gov/cgi-bin/browse-edgar?action=getcompany&CIK=0001701756,
2026-07-21T17:25:33.208366,SEC 8-K (subpoena),2026-07-17,Stablecoin Development Corp  (SDEV)  (CIK 0001389545) — 8-K referencing 'subpoena',https://www.sec.gov/cgi-bin/browse-edgar?action=getcompany&CIK=0001389545,
2026-07-21T17:25:33.208366,SEC 8-K (subpoena),2026-07-21,"VisionWave Holdings, Inc.  (VWAV, VWAVW)  (CIK 0002038439) — 8-K referencing 'subpoena'",https://www.sec.gov/cgi-bin/browse-edgar?action=getcompany&CIK=0002038439,
2026-07-21T17:25:33.208366,SEC 8-K (subpoena),2026-07-14,Research Alliance Corp IV  (RACD)  (CIK 0002137777) — 8-K referencing 'subpoena',https://www.sec.gov/cgi-bin/browse-edgar?action=getcompany&CIK=0002137777,
2026-07-21T17:25:33.208366,SEC 8-K (subpoena),2026-07-21,AMR Resources Acquisition Corp.  (AMAC)  (CIK 0002110119) — 8-K referencing 'subpoena',https://www.sec.gov/cgi-bin/browse-edgar?action=getcompany&CIK=0002110119,
2026-07-21T17:25:33.208366,SEC 8-K (subpoena),2026-07-15,"Samos Energy Acquisition Corp  (SAMO, SAMO-UN)  (CIK 0002125567) — 8-K referencing 'subpoena'",https://www.sec.gov/cgi-bin/browse-edgar?action=getcompany&CIK=0002125567,
2026-07-21T17:25:33.208366,SEC 8-K (subpoena),2026-07-15,"Samos Energy Acquisition Corp  (SAMO, SAMO-UN)  (CIK 0002125567) — 8-K referencing 'subpoena'",https://www.sec.gov/cgi-bin/browse-edgar?action=getcompany&CIK=0002125567,
2026-07-21T17:25:33.208366,SEC 8-K (subpoena),2026-07-21,"Neostellar Capital Corp.  (NSLR, NSLRL)  (CIK 0001509470) — 8-K referencing 'subpoena'",https://www.sec.gov/cgi-bin/browse-edgar?action=getcompany&CIK=0001509470,
2026-07-21T17:25:33.208366,SEC 8-K (subpoena),2026-07-21,AMR Resources Acquisition Corp.  (AMAC)  (CIK 0002110119) — 8-K referencing 'subpoena',https://www.sec.gov/cgi-bin/browse-edgar?action=getcompany&CIK=0002110119,
2026-07-21T17:25:33.208366,SEC 8-K (subpoena),2026-07-14,"Accel Entertainment, Inc.  (ACEL)  (CIK 0001698991) — 8-K referencing 'subpoena'",https://www.sec.gov/cgi-bin/browse-edgar?action=getcompany&CIK=0001698991,
2026-07-21T17:25:33.208366,SEC 8-K (subpoena),2026-07-21,AMR Resources Acquisition Corp.  (AMAC)  (CIK 0002110119) — 8-K referencing 'subpoena',https://www.sec.gov/cgi-bin/browse-edgar?action=getcompany&CIK=0002110119,
2026-07-21T17:25:33.208366,SEC 8-K (subpoena),2026-07-21,AMR Resources Acquisition Corp.  (AMAC)  (CIK 0002110119) — 8-K referencing 'subpoena',https://www.sec.gov/cgi-bin/browse-edgar?action=getcompany&CIK=0002110119,
2026-07-21T17:25:33.208366,SEC 8-K (subpoena),2026-07-21,AMR Resources Acquisition Corp.  (AMAC)  (CIK 0002110119) — 8-K referencing 'subpoena',https://www.sec.gov/cgi-bin/browse-edgar?action=getcompany&CIK=0002110119,
2026-07-21T17:25:33.208366,SEC 8-K (subpoena),2026-07-21,AMR Resources Acquisition Corp.  (AMAC)  (CIK 0002110119) — 8-K referencing 'subpoena',https://www.sec.gov/cgi-bin/browse-edgar?action=getcompany&CIK=0002110119,
2026-07-21T17:25:33.208366,SEC 8-K (subpoena),2026-07-21,"AMERICAN REBEL HOLDINGS INC  (AREB, AREBW)  (CIK 0001648087) — 8-K referencing 'subpoena'",https://www.sec.gov/cgi-bin/browse-edgar?action=getcompany&CIK=0001648087,
2026-07-21T17:25:33.208366,SEC 8-K (subpoena),2026-07-15,"HYCROFT MINING HOLDING CORP  (HYMC, HYMCW)  (CIK 0001718405) — 8-K referencing 'subpoena'",https://www.sec.gov/cgi-bin/browse-edgar?action=getcompany&CIK=0001718405,
2026-07-21T17:25:33.208366,SEC 8-K (subpoena),2026-07-21,INNOVATIVE SOLUTIONS & SUPPORT INC  (ISSC)  (CIK 0000836690) — 8-K referencing 'subpoena',https://www.sec.gov/cgi-bin/browse-edgar?action=getcompany&CIK=0000836690,
2026-07-21T17:25:33.208366,SEC 8-K (subpoena),2026-07-16,"John Deere Receivables LLC  (CIK 0001762590), John Deere Owner Trust 2026-B  (CIK 0002141933) — 8-K referencing 'subpoena'",https://www.sec.gov/cgi-bin/browse-edgar?action=getcompany&CIK=0001762590,
2026-07-21T17:25:33.208366,SEC 8-K (subpoena),2026-07-20,"Vulcan Infrastructure & Power Inc.  (GREE, GREEL)  (CIK 0001844971) — 8-K referencing 'subpoena'",https://www.sec.gov/cgi-bin/browse-edgar?action=getcompany&CIK=0001844971,
2026-07-21T17:25:33.208366,SEC 8-K (subpoena),2026-07-16,"CION Investment Corp  (CICB, CICC, CION)  (CIK 0001534254) — 8-K referencing 'subpoena'",https://www.sec.gov/cgi-bin/browse-edgar?action=getcompany&CIK=0001534254,
2026-07-21T17:25:33.208366,SEC 8-K (subpoena),2026-07-14,PVH CORP. /DE/  (PVH)  (CIK 0000078239) — 8-K referencing 'subpoena',https://www.sec.gov/cgi-bin/browse-edgar?action=getcompany&CIK=0000078239,
2026-07-21T17:25:33.208366,SEC 8-K (subpoena),2026-07-16,"CION Investment Corp  (CICB, CICC, CION)  (CIK 0001534254) — 8-K referencing 'subpoena'",https://www.sec.gov/cgi-bin/browse-edgar?action=getcompany&CIK=0001534254,
2026-07-21T17:25:33.208366,SEC 8-K (subpoena),2026-07-20,"Vulcan Infrastructure & Power Inc.  (GREE, GREEL)  (CIK 0001844971) — 8-K referencing 'subpoena'",https://www.sec.gov/cgi-bin/browse-edgar?action=getcompany&CIK=0001844971,
2026-07-21T17:25:33.208366,SEC 8-K (subpoena),2026-07-15,Aspira Women's Health Inc.  (AWHL)  (CIK 0000926617) — 8-K referencing 'subpoena',https://www.sec.gov/cgi-bin/browse-edgar?action=getcompany&CIK=0000926617,
2026-07-21T17:25:33.208366,SEC 8-K (subpoena),2026-07-20,Magnolia Oil & Gas Corp  (MGY)  (CIK 0001698990) — 8-K referencing 'subpoena',https://www.sec.gov/cgi-bin/browse-edgar?action=getcompany&CIK=0001698990,
2026-07-21T17:25:33.208366,SEC 8-K (subpoena),2026-07-20,ELUTIA INC.  (ELUT)  (CIK 0001708527) — 8-K referencing 'subpoena',https://www.sec.gov/cgi-bin/browse-edgar?action=getcompany&CIK=0001708527,
2026-07-21T17:25:33.208366,SEC 8-K (subpoena),2026-07-20,"Vulcan Infrastructure & Power Inc.  (GREE, GREEL)  (CIK 0001844971) — 8-K referencing 'subpoena'",https://www.sec.gov/cgi-bin/browse-edgar?action=getcompany&CIK=0001844971,
2026-07-21T17:25:33.208366,SEC 8-K (subpoena),2026-07-17,"Csquare, Inc.  (CSQR)  (CIK 0002105398) — 8-K referencing 'subpoena'",https://www.sec.gov/cgi-bin/browse-edgar?action=getcompany&CIK=0002105398,
2026-07-21T17:25:33.208366,SEC 8-K (subpoena),2026-07-14,"Archimedes Tech SPAC Partners II Co.  (ATII, ATIIU, ATIIW)  (CIK 0002028516) — 8-K referencing 'subpoena'",https://www.sec.gov/cgi-bin/browse-edgar?action=getcompany&CIK=0002028516,
2026-07-21T17:25:33.208366,SEC 8-K (subpoena),2026-07-20,"Vulcan Infrastructure & Power Inc.  (GREE, GREEL)  (CIK 0001844971) — 8-K referencing 'subpoena'",https://www.sec.gov/cgi-bin/browse-edgar?action=getcompany&CIK=0001844971,
2026-07-21T17:25:33.208366,SEC 8-K (subpoena),2026-07-16,International Stem Cell CORP  (ISCO)  (CIK 0001355790) — 8-K referencing 'subpoena',https://www.sec.gov/cgi-bin/browse-edgar?action=getcompany&CIK=0001355790,
2026-07-21T17:25:33.208366,SEC 8-K (subpoena),2026-07-15,Genasys Inc.  (GNSS)  (CIK 0000924383) — 8-K referencing 'subpoena',https://www.sec.gov/cgi-bin/browse-edgar?action=getcompany&CIK=0000924383,
2026-07-21T17:25:33.208366,SEC 8-K (subpoena),2026-07-21,"JUPITER NEUROSCIENCES, INC.  (JUNS)  (CIK 0001679628) — 8-K referencing 'subpoena'",https://www.sec.gov/cgi-bin/browse-edgar?action=getcompany&CIK=0001679628,
2026-07-21T17:25:33.208366,SEC 8-K (subpoena),2026-07-20,"Vulcan Infrastructure & Power Inc.  (GREE, GREEL)  (CIK 0001844971) — 8-K referencing 'subpoena'",https://www.sec.gov/cgi-bin/browse-edgar?action=getcompany&CIK=0001844971,
2026-07-21T17:25:33.208366,SEC 8-K (subpoena),2026-07-16,"Array Technologies, Inc.  (ARRY)  (CIK 0001820721) — 8-K referencing 'subpoena'",https://www.sec.gov/cgi-bin/browse-edgar?action=getcompany&CIK=0001820721,
2026-07-21T17:25:33.208366,SEC 8-K (subpoena),2026-07-16,"TOYOTA AUTO FINANCE RECEIVABLES LLC  (CIK 0001131131), Toyota Auto Receivables 2026-C Owner Trust  (CIK 0002099541) — 8-K referencing 'subpoena'",https://www.sec.gov/cgi-bin/browse-edgar?action=getcompany&CIK=0001131131,
2026-07-21T17:25:33.208366,SEC 8-K (subpoena),2026-07-20,"Vulcan Infrastructure & Power Inc.  (GREE, GREEL)  (CIK 0001844971) — 8-K referencing 'subpoena'",https://www.sec.gov/cgi-bin/browse-edgar?action=getcompany&CIK=0001844971,
2026-07-21T17:25:33.208366,SEC 8-K (subpoena),2026-07-21,AMR Resources Acquisition Corp.  (AMAC)  (CIK 0002110119) — 8-K referencing 'subpoena',https://www.sec.gov/cgi-bin/browse-edgar?action=getcompany&CIK=0002110119,
2026-07-21T17:25:33.208366,SEC 8-K (subpoena),2026-07-21,"TOYOTA AUTO FINANCE RECEIVABLES LLC  (CIK 0001131131), Toyota Auto Receivables 2026-C Owner Trust  (CIK 0002099541) — 8-K referencing 'subpoena'",https://www.sec.gov/cgi-bin/browse-edgar?action=getcompany&CIK=0001131131,
2026-07-21T17:25:33.208366,SEC 8-K (subpoena),2026-07-16,"John Deere Receivables LLC  (CIK 0001762590), John Deere Owner Trust 2026-B  (CIK 0002141933) — 8-K referencing 'subpoena'",https://www.sec.gov/cgi-bin/browse-edgar?action=getcompany&CIK=0001762590,
2026-07-21T17:25:33.208366,SEC 8-K (subpoena),2026-07-21,"Starco Brands, Inc.  (STCB)  (CIK 0001539850) — 8-K referencing 'subpoena'",https://www.sec.gov/cgi-bin/browse-edgar?action=getcompany&CIK=0001539850,
2026-07-21T17:25:33.208366,SEC 8-K (subpoena),2026-07-20,"HA Sustainable Infrastructure Capital, Inc.  (HASI)  (CIK 0001561894) — 8-K referencing 'subpoena'",https://www.sec.gov/cgi-bin/browse-edgar?action=getcompany&CIK=0001561894,
2026-07-21T17:25:33.208366,SEC 8-K (subpoena),2026-07-20,"WORLD OMNI AUTO RECEIVABLES LLC  (CIK 0001083199), World Omni Select Auto Trust 2026-A  (CIK 0002140699) — 8-K referencing 'subpoena'",https://www.sec.gov/cgi-bin/browse-edgar?action=getcompany&CIK=0001083199,
2026-07-21T17:25:33.208366,SEC 8-K (subpoena),2026-07-16,"CARMAX AUTO FUNDING LLC  (CIK 0001259380), CarMax Auto Owner Trust 2026-3  (CIK 0002142044) — 8-K referencing 'subpoena'",https://www.sec.gov/cgi-bin/browse-edgar?action=getcompany&CIK=0001259380,
2026-07-21T17:25:33.208366,SEC 8-K (subpoena),2026-07-16,Baker Hughes Co  (BKR)  (CIK 0001701605) — 8-K referencing 'subpoena',https://www.sec.gov/cgi-bin/browse-edgar?action=getcompany&CIK=0001701605,
2026-07-21T17:25:33.208366,SEC 8-K (subpoena),2026-07-16,"TOYOTA AUTO FINANCE RECEIVABLES LLC  (CIK 0001131131), Toyota Auto Receivables 2026-C Owner Trust  (CIK 0002099541) — 8-K referencing 'subpoena'",https://www.sec.gov/cgi-bin/browse-edgar?action=getcompany&CIK=0001131131,
2026-07-21T17:25:33.208366,SEC 8-K (subpoena),2026-07-21,"TOYOTA AUTO FINANCE RECEIVABLES LLC  (CIK 0001131131), Toyota Auto Receivables 2026-C Owner Trust  (CIK 0002099541) — 8-K referencing 'subpoena'",https://www.sec.gov/cgi-bin/browse-edgar?action=getcompany&CIK=0001131131,
2026-07-21T17:25:33.208366,SEC 8-K (subpoena),2026-07-16,Baker Hughes Co  (BKR)  (CIK 0001701605) — 8-K referencing 'subpoena',https://www.sec.gov/cgi-bin/browse-edgar?action=getcompany&CIK=0001701605,
2026-07-21T17:25:33.208366,SEC 8-K (subpoena),2026-07-21,"TXNM ENERGY INC  (TXNM)  (CIK 0001108426), PUBLIC SERVICE CO OF NEW MEXICO  (CIK 0000081023) — 8-K referencing 'subpoena'",https://www.sec.gov/cgi-bin/browse-edgar?action=getcompany&CIK=0001108426,
2026-07-21T17:25:33.208366,SEC 8-K (subpoena),2026-07-20,"EPR PROPERTIES  (EPR, EPR-PC, EPR-PE, EPR-PG)  (CIK 0001045450) — 8-K referencing 'subpoena'",https://www.sec.gov/cgi-bin/browse-edgar?action=getcompany&CIK=0001045450,
2026-07-21T17:25:33.208366,SEC 8-K (subpoena),2026-07-17,"Kimbell Royalty Partners, LP  (KRP)  (CIK 0001657788) — 8-K referencing 'subpoena'",https://www.sec.gov/cgi-bin/browse-edgar?action=getcompany&CIK=0001657788,
2026-07-21T17:25:33.208366,SEC 8-K (subpoena),2026-07-20,"TXNM ENERGY INC  (TXNM)  (CIK 0001108426), PUBLIC SERVICE CO OF NEW MEXICO  (CIK 0000081023) — 8-K referencing 'subpoena'",https://www.sec.gov/cgi-bin/browse-edgar?action=getcompany&CIK=0001108426,
2026-07-21T17:25:33.208366,SEC 8-K (subpoena),2026-07-16,"Uber Technologies, Inc  (UBER)  (CIK 0001543151) — 8-K referencing 'subpoena'",https://www.sec.gov/cgi-bin/browse-edgar?action=getcompany&CIK=0001543151,
2026-07-21T17:25:33.208366,SEC 8-K (subpoena),2026-07-20,AdaptHealth Corp.  (AHCO)  (CIK 0001725255) — 8-K referencing 'subpoena',https://www.sec.gov/cgi-bin/browse-edgar?action=getcompany&CIK=0001725255,
2026-07-21T17:25:33.208366,SEC 8-K (subpoena),2026-07-21,"TOYOTA AUTO FINANCE RECEIVABLES LLC  (CIK 0001131131), Toyota Auto Receivables 2026-C Owner Trust  (CIK 0002099541) — 8-K referencing 'subpoena'",https://www.sec.gov/cgi-bin/browse-edgar?action=getcompany&CIK=0001131131,
2026-07-21T17:25:33.208366,SEC 8-K (subpoena),2026-07-17,"AFS SENSUB CORP.  (CIK 0001347185), GM Financial Consumer Automobile Receivables Trust 2026-3  (CIK 0002138743) — 8-K referencing 'subpoena'",https://www.sec.gov/cgi-bin/browse-edgar?action=getcompany&CIK=0001347185,
2026-07-21T17:25:33.208366,SEC 8-K (subpoena),2026-07-16,"TOYOTA AUTO FINANCE RECEIVABLES LLC  (CIK 0001131131), Toyota Auto Receivables 2026-C Owner Trust  (CIK 0002099541) — 8-K referencing 'subpoena'",https://www.sec.gov/cgi-bin/browse-edgar?action=getcompany&CIK=0001131131,
2026-07-21T17:25:33.208366,SEC 8-K (subpoena),2026-07-15,"Tennessee Valley Authority  (TVC, TVE)  (CIK 0001376986) — 8-K referencing 'subpoena'",https://www.sec.gov/cgi-bin/browse-edgar?action=getcompany&CIK=0001376986,
2026-07-21T17:25:33.208366,SEC 8-K (subpoena),2026-07-17,"Jasper Therapeutics, Inc.  (JSPR, JSPRW)  (CIK 0001788028) — 8-K referencing 'subpoena'",https://www.sec.gov/cgi-bin/browse-edgar?action=getcompany&CIK=0001788028,
2026-07-21T17:25:33.208366,SEC 8-K (subpoena),2026-07-20,"LXP Industrial Trust  (LXP, LXP-PC)  (CIK 0000910108) — 8-K referencing 'subpoena'",https://www.sec.gov/cgi-bin/browse-edgar?action=getcompany&CIK=0000910108,
2026-07-21T17:25:33.208366,SEC 8-K (subpoena),2026-07-14,Fidelity Private Credit Co LLC  (CIK 0001899996) — 8-K referencing 'subpoena',https://www.sec.gov/cgi-bin/browse-edgar?action=getcompany&CIK=0001899996,
2026-07-21T17:25:33.208366,SEC 8-K (subpoena),2026-07-20,T Series BDC LLC  (CIK 0001885968) — 8-K referencing 'subpoena',https://www.sec.gov/cgi-bin/browse-edgar?action=getcompany&CIK=0001885968,
2026-07-21T17:25:33.208366,SEC 8-K (subpoena),2026-07-17,"Empire State Realty Trust, Inc.  (ESRT)  (CIK 0001541401), Empire State Realty OP, L.P.  (CIK 0001553079) — 8-K referencing 'subpoena'",https://www.sec.gov/cgi-bin/browse-edgar?action=getcompany&CIK=0001541401,
2026-07-21T17:25:33.208366,SEC 8-K (subpoena),2026-07-21,ACME UNITED CORP  (ACU)  (CIK 0000002098) — 8-K referencing 'subpoena',https://www.sec.gov/cgi-bin/browse-edgar?action=getcompany&CIK=0000002098,
2026-07-21T17:25:33.208366,SEC 8-K (subpoena),2026-07-17,"AFS SENSUB CORP.  (CIK 0001347185), GM Financial Consumer Automobile Receivables Trust 2026-3  (CIK 0002138743) — 8-K referencing 'subpoena'",https://www.sec.gov/cgi-bin/browse-edgar?action=getcompany&CIK=0001347185,
2026-07-21T17:25:33.208366,SEC 8-K (subpoena),2026-07-14,"Anika Therapeutics, Inc.  (ANIK)  (CIK 0000898437) — 8-K referencing 'subpoena'",https://www.sec.gov/cgi-bin/browse-edgar?action=getcompany&CIK=0000898437,
2026-07-21T17:25:33.208366,SEC 8-K (subpoena),2026-07-21,DEL MONTE CORP  (DMC)  (CIK 0001047340) — 8-K referencing 'subpoena',https://www.sec.gov/cgi-bin/browse-edgar?action=getcompany&CIK=0001047340,
2026-07-21T17:25:33.208366,SEC 8-K (subpoena),2026-07-21,"GoHealth, Inc.  (GOCOQ)  (CIK 0001808220) — 8-K referencing 'subpoena'",https://www.sec.gov/cgi-bin/browse-edgar?action=getcompany&CIK=0001808220,
2026-07-21T17:25:33.208366,SEC 8-K (subpoena),2026-07-16,"MOVADO GROUP INC  (MOV, MOVAA)  (CIK 0000072573) — 8-K referencing 'subpoena'",https://www.sec.gov/cgi-bin/browse-edgar?action=getcompany&CIK=0000072573,
2026-07-21T17:25:33.208366,SEC 8-K (subpoena),2026-07-20,FULLER H B CO  (FUL)  (CIK 0000039368) — 8-K referencing 'subpoena',https://www.sec.gov/cgi-bin/browse-edgar?action=getcompany&CIK=0000039368,
2026-07-21T17:25:33.208366,SEC 8-K (subpoena),2026-07-21,GAP INC  (GAP)  (CIK 0000039911) — 8-K referencing 'subpoena',https://www.sec.gov/cgi-bin/browse-edgar?action=getcompany&CIK=0000039911,
2026-07-21T17:25:33.208366,SEC 8-K (subpoena),2026-07-16,"Distribution Solutions Group, Inc.  (DSGR)  (CIK 0000703604) — 8-K referencing 'subpoena'",https://www.sec.gov/cgi-bin/browse-edgar?action=getcompany&CIK=0000703604,
2026-07-21T17:25:33.208366,SEC 8-K (subpoena),2026-07-17,Hilton Grand Vacations Inc.  (HGV)  (CIK 0001674168) — 8-K referencing 'subpoena',https://www.sec.gov/cgi-bin/browse-edgar?action=getcompany&CIK=0001674168,
2026-07-21T17:25:33.208366,SEC 8-K (subpoena),2026-07-17,"Avantor, Inc.  (AVTR)  (CIK 0001722482) — 8-K referencing 'subpoena'",https://www.sec.gov/cgi-bin/browse-edgar?action=getcompany&CIK=0001722482,
2026-07-21T17:25:33.208366,SEC 8-K (subpoena),2026-07-17,Citigroup Commercial Mortgage Trust 2026-MFAM1  (CIK 0002143199) — 8-K referencing 'subpoena',https://www.sec.gov/cgi-bin/browse-edgar?action=getcompany&CIK=0002143199,
2026-07-21T17:25:33.208366,SEC 8-K (cybersecurity incident),2026-07-21,EQUIFAX INC  (EFX)  (CIK 0000033185) — 8-K referencing 'cybersecurity incident',https://www.sec.gov/cgi-bin/browse-edgar?action=getcompany&CIK=0000033185,
2026-07-21T17:25:33.208366,SEC 8-K (cybersecurity incident),2026-07-14,"Phoenix Education Partners, Inc.  (PXED)  (CIK 0001600222) — 8-K referencing 'cybersecurity incident'",https://www.sec.gov/cgi-bin/browse-edgar?action=getcompany&CIK=0001600222,
2026-07-21T17:25:33.208366,SEC 8-K (cybersecurity incident),2026-07-17,"CLOVER HEALTH INVESTMENTS, CORP. /DE  (CLOV)  (CIK 0001801170) — 8-K referencing 'cybersecurity incident'",https://www.sec.gov/cgi-bin/browse-edgar?action=getcompany&CIK=0001801170,
2026-07-21T17:25:33.208366,SEC 8-K (cybersecurity incident),2026-07-21,"Aether Holdings, Inc.  (ATHR)  (CIK 0002026353) — 8-K referencing 'cybersecurity incident'",https://www.sec.gov/cgi-bin/browse-edgar?action=getcompany&CIK=0002026353,
2026-07-21T17:25:33.208366,SEC 8-K (cybersecurity incident),2026-07-20,"Personalis, Inc.  (PSNL)  (CIK 0001527753) — 8-K referencing 'cybersecurity incident'",https://www.sec.gov/cgi-bin/browse-edgar?action=getcompany&CIK=0001527753,
2026-07-21T17:25:33.208366,SEC 8-K (cybersecurity incident),2026-07-20,"Tempus AI, Inc.  (TEM)  (CIK 0001717115) — 8-K referencing 'cybersecurity incident'",https://www.sec.gov/cgi-bin/browse-edgar?action=getcompany&CIK=0001717115,
2026-07-21T17:25:33.208366,SEC 8-K (cybersecurity incident),2026-07-17,IPG PHOTONICS CORP  (IPGP)  (CIK 0001111928) — 8-K referencing 'cybersecurity incident',https://www.sec.gov/cgi-bin/browse-edgar?action=getcompany&CIK=0001111928,
2026-07-21T17:25:33.208366,SEC 8-K (product recall),2026-07-20,ELUTIA INC.  (ELUT)  (CIK 0001708527) — 8-K referencing 'product recall',https://www.sec.gov/cgi-bin/browse-edgar?action=getcompany&CIK=0001708527,
2026-07-21T17:25:33.208366,SEC 8-K (product recall),2026-07-14,"Anika Therapeutics, Inc.  (ANIK)  (CIK 0000898437) — 8-K referencing 'product recall'",https://www.sec.gov/cgi-bin/browse-edgar?action=getcompany&CIK=0000898437,
2026-07-21T17:25:33.208366,SEC 8-K (product recall),2026-07-17,IPG PHOTONICS CORP  (IPGP)  (CIK 0001111928) — 8-K referencing 'product recall',https://www.sec.gov/cgi-bin/browse-edgar?action=getcompany&CIK=0001111928,
2026-07-21T17:25:33.208366,SEC 8-K (product recall),2026-07-16,"Distribution Solutions Group, Inc.  (DSGR)  (CIK 0000703604) — 8-K referencing 'product recall'",https://www.sec.gov/cgi-bin/browse-edgar?action=getcompany&CIK=0000703604,
2026-07-21T17:25:33.208366,SEC 8-K (product recall),2026-07-15,"Celsius Holdings, Inc.  (CELH)  (CIK 0001341766) — 8-K referencing 'product recall'",https://www.sec.gov/cgi-bin/browse-edgar?action=getcompany&CIK=0001341766,
2026-07-21T17:25:33.208366,SEC 8-K (enforcement action),2026-07-14,Pluri Inc.  (PLUR)  (CIK 0001158780) — 8-K referencing 'enforcement action',https://www.sec.gov/cgi-bin/browse-edgar?action=getcompany&CIK=0001158780,
2026-07-21T17:25:33.208366,SEC 8-K (enforcement action),2026-07-21,"Jones Ventures INTL Acquisition1 Corp  (JONE, JONEU)  (CIK 0002129056) — 8-K referencing 'enforcement action'",https://www.sec.gov/cgi-bin/browse-edgar?action=getcompany&CIK=0002129056,
2026-07-21T17:25:33.208366,SEC 8-K (enforcement action),2026-07-21,ACME UNITED CORP  (ACU)  (CIK 0000002098) — 8-K referencing 'enforcement action',https://www.sec.gov/cgi-bin/browse-edgar?action=getcompany&CIK=0000002098,
2026-07-21T17:25:33.208366,SEC 8-K (enforcement action),2026-07-15,"Samos Energy Acquisition Corp  (SAMO, SAMO-UN)  (CIK 0002125567) — 8-K referencing 'enforcement action'",https://www.sec.gov/cgi-bin/browse-edgar?action=getcompany&CIK=0002125567,
2026-07-21T17:25:33.208366,SEC 8-K (enforcement action),2026-07-15,"Samos Energy Acquisition Corp  (SAMO, SAMO-UN)  (CIK 0002125567) — 8-K referencing 'enforcement action'",https://www.sec.gov/cgi-bin/browse-edgar?action=getcompany&CIK=0002125567,
2026-07-21T17:25:33.208366,SEC 8-K (enforcement action),2026-07-21,AMR Resources Acquisition Corp.  (AMAC)  (CIK 0002110119) — 8-K referencing 'enforcement action',https://www.sec.gov/cgi-bin/browse-edgar?action=getcompany&CIK=0002110119,
2026-07-21T17:25:33.208366,SEC 8-K (enforcement action),2026-07-17,"Mercator Acquisition Corp.  (MRCO, MRCOU)  (CIK 0002106436) — 8-K referencing 'enforcement action'",https://www.sec.gov/cgi-bin/browse-edgar?action=getcompany&CIK=0002106436,
2026-07-21T17:25:33.208366,SEC 8-K (enforcement action),2026-07-21,"KORE Group Holdings, Inc.  (KORE, KORGW)  (CIK 0001855457) — 8-K referencing 'enforcement action'",https://www.sec.gov/cgi-bin/browse-edgar?action=getcompany&CIK=0001855457,
2026-07-21T17:25:33.208366,SEC 8-K (enforcement action),2026-07-21,"KIDZ AI Inc.  (KIDZ, KIDZW)  (CIK 0002022308) — 8-K referencing 'enforcement action'",https://www.sec.gov/cgi-bin/browse-edgar?action=getcompany&CIK=0002022308,
2026-07-21T17:25:33.208366,SEC 8-K (enforcement action),2026-07-16,IRIDEX CORP  (IRIX)  (CIK 0001006045) — 8-K referencing 'enforcement action',https://www.sec.gov/cgi-bin/browse-edgar?action=getcompany&CIK=0001006045,
2026-07-21T17:25:33.208366,SEC 8-K (enforcement action),2026-07-14,FIRST BANCORP /NC/  (FBNC)  (CIK 0000811589) — 8-K referencing 'enforcement action',https://www.sec.gov/cgi-bin/browse-edgar?action=getcompany&CIK=0000811589,
2026-07-21T17:25:33.208366,SEC 8-K (enforcement action),2026-07-21,"M&T BANK CORP  (MTB, MTB-PH, MTB-PJ, MTB-PK)  (CIK 0000036270) — 8-K referencing 'enforcement action'",https://www.sec.gov/cgi-bin/browse-edgar?action=getcompany&CIK=0000036270,
2026-07-21T17:25:33.208366,SEC 8-K (enforcement action),2026-07-21,FIRST FINANCIAL BANCORP /OH/  (FFBC)  (CIK 0000708955) — 8-K referencing 'enforcement action',https://www.sec.gov/cgi-bin/browse-edgar?action=getcompany&CIK=0000708955,
2026-07-21T17:25:33.208366,SEC 8-K (enforcement action),2026-07-21,Finward Bancorp  (FNWD)  (CIK 0000919864) — 8-K referencing 'enforcement action',https://www.sec.gov/cgi-bin/browse-edgar?action=getcompany&CIK=0000919864,
2026-07-21T17:25:33.208366,SEC 8-K (enforcement action),2026-07-21,"JUPITER NEUROSCIENCES, INC.  (JUNS)  (CIK 0001679628) — 8-K referencing 'enforcement action'",https://www.sec.gov/cgi-bin/browse-edgar?action=getcompany&CIK=0001679628,
2026-07-21T17:25:33.208366,SEC 8-K (enforcement action),2026-07-20,"Personalis, Inc.  (PSNL)  (CIK 0001527753) — 8-K referencing 'enforcement action'",https://www.sec.gov/cgi-bin/browse-edgar?action=getcompany&CIK=0001527753,
2026-07-21T17:25:33.208366,SEC 8-K (enforcement action),2026-07-20,"Tempus AI, Inc.  (TEM)  (CIK 0001717115) — 8-K referencing 'enforcement action'",https://www.sec.gov/cgi-bin/browse-edgar?action=getcompany&CIK=0001717115,
2026-07-21T17:25:33.208366,SEC 8-K (enforcement action),2026-07-16,JFB Construction Holdings  (JFB)  (CIK 0002024306) — 8-K referencing 'enforcement action',https://www.sec.gov/cgi-bin/browse-edgar?action=getcompany&CIK=0002024306,
2026-07-21T17:25:33.208366,SEC 8-K (enforcement action),2026-07-15,TRICO BANCSHARES /  (TCBK)  (CIK 0000356171) — 8-K referencing 'enforcement action',https://www.sec.gov/cgi-bin/browse-edgar?action=getcompany&CIK=0000356171,
2026-07-21T17:25:33.208366,SEC 8-K (enforcement action),2026-07-17,IPG PHOTONICS CORP  (IPGP)  (CIK 0001111928) — 8-K referencing 'enforcement action',https://www.sec.gov/cgi-bin/browse-edgar?action=getcompany&CIK=0001111928,
2026-07-21T17:25:33.208366,SEC 8-K (enforcement action),2026-07-15,"FIRST HAWAIIAN, INC.  (FHB)  (CIK 0000036377) — 8-K referencing 'enforcement action'",https://www.sec.gov/cgi-bin/browse-edgar?action=getcompany&CIK=0000036377,
2026-07-21T17:25:33.208366,SEC 8-K (enforcement action),2026-07-17,Citigroup Commercial Mortgage Trust 2026-MFAM1  (CIK 0002143199) — 8-K referencing 'enforcement action',https://www.sec.gov/cgi-bin/browse-edgar?action=getcompany&CIK=0002143199,
2026-07-21T17:25:33.208366,SEC 8-K (enforcement action),2026-07-20,ELUTIA INC.  (ELUT)  (CIK 0001708527) — 8-K referencing 'enforcement action',https://www.sec.gov/cgi-bin/browse-edgar?action=getcompany&CIK=0001708527,
2026-07-21T17:25:33.208366,SEC 8-K (enforcement action),2026-07-16,AtaiBeckley Inc.  (ATAI)  (CIK 0002081043) — 8-K referencing 'enforcement action',https://www.sec.gov/cgi-bin/browse-edgar?action=getcompany&CIK=0002081043,
2026-07-21T17:25:33.208366,SEC 8-K (enforcement action),2026-07-15,Prestige Consumer Healthcare Inc.  (PBH)  (CIK 0001295947) — 8-K referencing 'enforcement action',https://www.sec.gov/cgi-bin/browse-edgar?action=getcompany&CIK=0001295947,
2026-07-21T17:25:33.208366,SEC 8-K (enforcement action),2026-07-16,"Array Technologies, Inc.  (ARRY)  (CIK 0001820721) — 8-K referencing 'enforcement action'",https://www.sec.gov/cgi-bin/browse-edgar?action=getcompany&CIK=0001820721,
2026-07-21T17:25:33.208366,SEC 8-K (enforcement action),2026-07-16,"Distribution Solutions Group, Inc.  (DSGR)  (CIK 0000703604) — 8-K referencing 'enforcement action'",https://www.sec.gov/cgi-bin/browse-edgar?action=getcompany&CIK=0000703604,
2026-07-21T17:25:33.208366,SEC 8-K (enforcement action),2026-07-17,"Kimbell Royalty Partners, LP  (KRP)  (CIK 0001657788) — 8-K referencing 'enforcement action'",https://www.sec.gov/cgi-bin/browse-edgar?action=getcompany&CIK=0001657788,
2026-07-21T17:25:33.208366,SEC 8-K (enforcement action),2026-07-20,AdaptHealth Corp.  (AHCO)  (CIK 0001725255) — 8-K referencing 'enforcement action',https://www.sec.gov/cgi-bin/browse-edgar?action=getcompany&CIK=0001725255,
2026-07-21T17:25:33.208366,SEC 8-K (enforcement action),2026-07-20,T Series BDC LLC  (CIK 0001885968) — 8-K referencing 'enforcement action',https://www.sec.gov/cgi-bin/browse-edgar?action=getcompany&CIK=0001885968,
2026-07-21T17:25:33.208366,SEC 8-K (enforcement action),2026-07-21,UNIVERSAL HEALTH SERVICES INC  (UHS)  (CIK 0000352915) — 8-K referencing 'enforcement action',https://www.sec.gov/cgi-bin/browse-edgar?action=getcompany&CIK=0000352915,
2026-07-21T17:25:33.208366,SEC 8-K (enforcement action),2026-07-14,"Anika Therapeutics, Inc.  (ANIK)  (CIK 0000898437) — 8-K referencing 'enforcement action'",https://www.sec.gov/cgi-bin/browse-edgar?action=getcompany&CIK=0000898437,
2026-07-21T17:25:33.208366,SEC 8-K (enforcement action),2026-07-20,Magnolia Oil & Gas Corp  (MGY)  (CIK 0001698990) — 8-K referencing 'enforcement action',https://www.sec.gov/cgi-bin/browse-edgar?action=getcompany&CIK=0001698990,
2026-07-21T17:25:33.208366,SEC 8-K (enforcement action),2026-07-17,Citigroup Commercial Mortgage Trust 2026-MFAM1  (CIK 0002143199) — 8-K referencing 'enforcement action',https://www.sec.gov/cgi-bin/browse-edgar?action=getcompany&CIK=0002143199,
2026-07-21T17:25:33.208366,SEC 8-K (enforcement action),2026-07-15,"Celsius Holdings, Inc.  (CELH)  (CIK 0001341766) — 8-K referencing 'enforcement action'",https://www.sec.gov/cgi-bin/browse-edgar?action=getcompany&CIK=0001341766,
2026-07-21T17:25:33.208366,Marler Blog (food safety plaintiff bar),2026-07-21,"Two Federal Documents, Eleven Years Apart, and now another Cyclospora Outbreak",https://www.marlerblog.com/case-news/two-federal-documents-eleven-years-apart-and-now-another-cyclospora-outbreak/,fatality-linked
2026-07-21T17:25:33.208366,Marler Blog (food safety plaintiff bar),2026-07-21,The 2024 Romaine E. coli Outbreak Had a Name the Whole Time. The FDA Just Would Not Say It. Transparency Should Not be an Option,https://www.marlerblog.com/case-news/the-2024-romaine-e-coli-outbreak-had-a-name-the-whole-time-the-fda-just-would-not-say-it-transparency-should-not-be-an-option/,fatality-linked
2026-07-21T17:25:33.208366,Marler Blog (food safety plaintiff bar),2026-07-21,I Was Wrong About the Positive Sample. IFPA Was Right. Now Let’s Both Go Fix the Traceability Rule.,https://www.marlerblog.com/case-news/i-was-wrong-about-the-positive-sample-ifpa-was-right-now-lets-both-go-fix-the-traceability-rule/,
2026-07-21T17:25:33.208366,Marler Blog (food safety plaintiff bar),2026-07-20,"One Test. No Apology. Same Recall. And More Than 10,000 Sick with Cyclospora.",https://www.marlerblog.com/case-news/one-test-no-apology-same-recall-and-more-than-10000-sick-with-cyclospora/,
2026-07-21T17:25:33.208366,Marler Blog (food safety plaintiff bar),2026-07-20,"Taylor Farms Says FDA Apologized. FDA Says, “Product Implicated in This Outbreak.”",https://www.marlerblog.com/case-news/taylor-farms-says-fda-apologized-fda-says-product-implicated-in-this-outbreak/,
2026-07-21T17:25:33.208366,Marler Blog (food safety plaintiff bar),2026-07-20,FDA’s Cyclospora Positive Yesterday Is a False Positive Today. The Victims Ate the Evidence in May.,https://www.marlerblog.com/case-news/fdas-cyclospora-positive-yesterday-is-a-false-positive-today-the-victims-ate-the-evidence-in-may/,multi-state
2026-07-21T17:25:33.208366,Marler Blog (food safety plaintiff bar),2026-07-19,Weekend Wrap-Up: The Source Finally Got a Name — and Then FDA Found It on Lettuce That Was Never Recalled,https://www.marlerblog.com/case-news/weekend-wrap-up-the-source-finally-got-a-name-and-then-fda-found-it-on-lettuce-that-was-never-recalled/,multi-state; fatality-linked
2026-07-21T17:25:33.208366,Marler Blog (food safety plaintiff bar),2026-07-19,"During an Active Cyclospora Outbreak, What do We all Need to Know?",https://www.marlerblog.com/case-news/during-an-active-cyclospora-outbreak-what-do-we-all-need-to-know/,multi-state; fatality-linked
2026-07-21T17:25:33.208366,Marler Blog (food safety plaintiff bar),2026-07-19,I Wrote Back to Western Growers about Cyclospora. Then I Read What Everyone Else in the Industry Said.,https://www.marlerblog.com/case-news/i-wrote-back-to-western-growers-about-cyclospora-then-i-read-what-everyone-else-in-the-industry-said/,fatality-linked
2026-07-21T17:25:33.208366,Marler Blog (food safety plaintiff bar),2026-07-18,FDA Found Cyclospora on Taylor Farms Lettuce at the Border. Credit Where It’s Due. Now Tell Us Where the Rest of That Lot Went.,https://www.marlerblog.com/case-news/fda-found-cyclospora-on-taylor-farms-lettuce-at-the-border-credit-where-its-due-now-tell-us-where-the-rest-of-that-lot-went/,
2026-07-21T17:25:33.208366,Top Class Actions,2026-07-21,How legal intake can impact the outcome of legal marketing,https://topclassactions.com/attorney-marketing/how-legal-intake-can-impact-the-outcome-of-legal-marketing/,class-action
2026-07-21T17:25:33.208366,Top Class Actions,2026-07-21,$1.8M Serviceaide data breach class action settlement,https://topclassactions.com/lawsuit-settlements/open-lawsuit-settlements/1-8m-serviceaide-data-breach-class-action-settlement/,class-action
2026-07-21T17:25:33.208366,Top Class Actions,2026-07-21,Costco class action claims Orgain protein powder contains heavy metals,https://topclassactions.com/lawsuit-settlements/lawsuit-news/costco-class-action-claims-orgain-protein-powder-contains-heavy-metals/,class-action
2026-07-21T17:25:33.208366,Top Class Actions,2026-07-21,Apple faces BIPA class action over alleged Face ID privacy violations,https://topclassactions.com/lawsuit-settlements/lawsuit-news/apple-faces-bipa-class-action-over-alleged-face-id-privacy-violations/,class-action; WATCHLIST:Apple
2026-07-21T17:25:33.208366,Top Class Actions,2026-07-21,Supreme Court limits Roundup lawsuits as Bayer settlement continues,https://topclassactions.com/lawsuit-settlements/lawsuit-news/supreme-court-limits-roundup-lawsuits-as-bayer-settlement-continues/,class-action
2026-07-21T17:25:33.208366,Top Class Actions,2026-07-21,"Cellphone wrong-number robocalls could be worth $500-$1,500 per violation of the federal TCPA",https://topclassactions.com/lawsuit-settlements/investigations/wrong-number-robocall-lawsuit/,class-action
2026-07-21T17:25:33.208366,Top Class Actions,2026-07-21,GM recalls Cadillac Vistiq SUVs over faulty third-row seats,https://topclassactions.com/lawsuit-settlements/lawsuit-news/gm-recalls-cadillac-vistiq-suvs-over-faulty-third-row-seats/,class-action
2026-07-21T17:25:33.208366,Top Class Actions,2026-07-20,Arizona Beverages sued over alleged false ‘100% Natural’ tea labels,https://topclassactions.com/lawsuit-settlements/lawsuit-news/arizona-beverages-sued-over-alleged-false-100-natural-tea-labels/,class-action
2026-07-21T17:25:33.208366,Top Class Actions,2026-07-20,$1.75M AT&T Washington wage class action settlement,https://topclassactions.com/lawsuit-settlements/open-lawsuit-settlements/1-75m-att-washington-wage-class-action-settlement/,class-action
2026-07-21T17:25:33.208366,Top Class Actions,2026-07-20,Real estate spam texts and robocalls may violate the TCPA,https://topclassactions.com/lawsuit-settlements/investigations/unsolicited-real-estate-robocalls-and-spam-texts-violate-the-tcpa/,class-action
2026-07-21T17:25:33.208366,Top Class Actions,2026-07-20,Timex class action alleges deceptive email subject lines violated Washington spam law,https://topclassactions.com/lawsuit-settlements/lawsuit-news/timex-class-action-alleges-deceptive-email-subject-lines-violated-washington-spam-law/,class-action
2026-07-21T17:25:33.208366,Top Class Actions,2026-07-20,AppFolio class action alleges hidden fees on rent payments,https://topclassactions.com/lawsuit-settlements/lawsuit-news/appfolio-class-action-alleges-hidden-fees-on-rent-payments/,class-action
2026-07-21T17:25:33.208366,Top Class Actions,2026-07-20,John Hancock voiceprint ruling highlights limits of Illinois biometric privacy law,https://topclassactions.com/lawsuit-settlements/lawsuit-news/john-hancock-voiceprint-ruling-highlights-limits-of-illinois-biometric-privacy-law/,class-action
2026-07-21T17:25:33.208366,Top Class Actions,2026-07-20,"Ford recalls more than 100,000 Mustangs due to safety concerns",https://topclassactions.com/lawsuit-settlements/lawsuit-news/ford-recalls-more-than-100000-mustangs-due-to-safety-concerns/,class-action
2026-07-21T17:25:33.208366,Top Class Actions,2026-07-17,$2.5M FitOn video privacy class action settlement,https://topclassactions.com/lawsuit-settlements/open-lawsuit-settlements/2-5m-fiton-video-privacy-class-action-settlement/,class-action
2026-07-21T17:25:33.208366,Top Class Actions,2026-07-17,"GM class action alleges coolant leak defect affects Chevrolet, GMC and Buick vehicles",https://topclassactions.com/lawsuit-settlements/lawsuit-news/gm-class-action-alleges-coolant-leak-defect-affects-chevrolet-gmc-and-buick-vehicles/,class-action
2026-07-21T17:25:33.208366,Top Class Actions,2026-07-17,Lume class action alleges ‘unscented’ deodorant contains fragrance,https://topclassactions.com/lawsuit-settlements/lawsuit-news/lume-class-action-alleges-unscented-deodorant-contains-fragrance/,class-action
2026-07-21T17:25:33.208366,Top Class Actions,2026-07-17,TikTok class action lawsuit: Did TikTok collect your child’s personal data?,https://topclassactions.com/lawsuit-settlements/investigations/tiktok-child-privacy-class-action-lawsuit-2/,class-action
2026-07-21T17:25:33.208366,Top Class Actions,2026-07-17,Match.com sued over alleged hidden paywall for Highlights feature,https://topclassactions.com/lawsuit-settlements/lawsuit-news/match-com-sued-over-alleged-hidden-paywall-for-highlights-feature/,class-action
2026-07-21T17:25:33.208366,Top Class Actions,2026-07-17,Mars Petcare recalls Pedigree dog food due to foreign materials in fraudulent resales,https://topclassactions.com/lawsuit-settlements/lawsuit-news/mars-petcare-recalls-pedigree-dog-food-due-to-foreign-materials-in-fraudulent-resales/,class-action
2026-07-21T17:25:33.208366,Top Class Actions,2026-07-16,Skims hit with wage lawsuit alleging ‘systematic’ violations,https://topclassactions.com/lawsuit-settlements/lawsuit-news/skims-hit-with-wage-lawsuit-alleging-systematic-violations/,class-action
2026-07-21T17:25:33.208366,Top Class Actions,2026-07-16,$50M Disney antitrust class action settlement,https://topclassactions.com/lawsuit-settlements/open-lawsuit-settlements/50m-disney-antitrust-class-action-settlement/,class-action
2026-07-21T17:25:33.208366,Top Class Actions,2026-07-16,Arkansas lawsuit claims Snapchat puts minors at risk through disappearing messages,https://topclassactions.com/lawsuit-settlements/lawsuit-news/arkansas-lawsuit-claims-snapchat-puts-minors-at-risk-through-disappearing-messages/,class-action
2026-07-21T17:25:33.208366,Top Class Actions,2026-07-16,TikTok class action claims data breach exposed info of 2.4B users,https://topclassactions.com/lawsuit-settlements/lawsuit-news/tiktok-class-action-claims-data-breach-exposed-info-of-2-4b-users/,class-action
2026-07-21T17:25:33.208366,Top Class Actions,2026-07-16,DraftKings class action alleges data broker software used to track website visitors,https://topclassactions.com/lawsuit-settlements/lawsuit-news/draftkings-class-action-alleges-data-broker-software-used-to-track-website-visitors/,class-action
2026-07-21T17:25:33.208366,Top Class Actions,2026-07-16,"Ford recalls over 741,000 SUVs and pickups due to rollaway risk",https://topclassactions.com/lawsuit-settlements/lawsuit-news/ford-recalls-over-741000-suvs-and-pickups-due-to-rollaway-risk/,class-action
2026-07-21T17:25:33.208366,Top Class Actions,2026-07-15,Cove USA class action alleges perpetual flash sales deceived consumers,https://topclassactions.com/lawsuit-settlements/lawsuit-news/cove-usa-class-action-alleges-perpetual-flash-sales-deceived-consumers/,class-action
2026-07-21T17:25:33.208366,Top Class Actions,2026-07-15,$2.95M STIIIZY data breach class action settlement,https://topclassactions.com/lawsuit-settlements/open-lawsuit-settlements/2-95m-stiiizy-data-breach-class-action-settlement/,class-action
2026-07-21T17:25:33.208366,Top Class Actions,2026-07-15,Class action alleges Temu used deceptive spam emails to install tracking technology,https://topclassactions.com/lawsuit-settlements/lawsuit-news/class-action-alleges-temu-used-deceptive-spam-emails-to-install-tracking-technology/,class-action
2026-07-21T17:25:33.208366,Top Class Actions,2026-07-15,Jeep 4xe battery lawsuit: Learn about your legal options,https://topclassactions.com/lawsuit-settlements/investigations/jeep-4xe-battery-defect-arbitration/,class-action
2026-07-21T17:25:33.208366,Top Class Actions,2026-07-15,Popflex sued over alleged deceptive checkout tactics and hidden fees,https://topclassactions.com/lawsuit-settlements/lawsuit-news/popflex-sued-over-alleged-deceptive-checkout-tactics-and-hidden-fees/,class-action
2026-07-21T17:25:33.208366,Top Class Actions,2026-07-15,Roblox addiction lawsuit – parents may qualify for compensation,https://topclassactions.com/lawsuit-settlements/investigations/roblox-addiction-class-action-lawsuit/,class-action
2026-07-21T17:25:33.208366,Top Class Actions,2026-07-15,Cash App parent Block to pay $45M to settle states’ fraud protection claims,https://topclassactions.com/lawsuit-settlements/lawsuit-news/cash-app-parent-block-to-pay-45m-to-settle-states-fraud-protection-claims/,class-action
2026-07-21T17:25:33.208366,Top Class Actions,2026-07-15,"Land Rover recalls Defender, Discovery and Range Rover vehicles due to airbag issue",https://topclassactions.com/lawsuit-settlements/lawsuit-news/land-rover-recalls-defender-discovery-and-range-rover-vehicles-due-to-airbag-issue/,class-action
2026-07-21T17:25:33.208366,Top Class Actions,2026-07-15,Wage theft lawsuit investigation: Are you owed unpaid overtime?,https://topclassactions.com/lawsuit-settlements/investigations/wage-theft-lawsuit-investigation-are-you-owed-unpaid-overtime/,class-action
2026-07-21T17:25:33.208366,Top Class Actions,2026-07-14,Spam texts during TCPA quiet hours?,https://topclassactions.com/lawsuit-settlements/investigations/tcpa-quiet-hours-text-message-violations-class-action/,class-action
2026-07-21T17:25:33.208366,Top Class Actions,2026-07-14,$3.04M Las Vegas Grand Prix tickets class action settlement,https://topclassactions.com/lawsuit-settlements/open-lawsuit-settlements/3-04m-las-vegas-grand-prix-tickets-class-action-settlement/,class-action
2026-07-21T17:25:33.208366,Top Class Actions,2026-07-14,Dig Inn class action alleges restaurant group hides delivery fees as taxes,https://topclassactions.com/lawsuit-settlements/lawsuit-news/dig-inn-class-action-alleges-restaurant-group-hides-delivery-fees-as-taxes/,class-action
2026-07-21T17:25:33.208366,Top Class Actions,2026-07-14,"Dude Wipes class action alleges flushable wipes not plant-based, hypoallergenic",https://topclassactions.com/lawsuit-settlements/lawsuit-news/dude-wipes-class-action-alleges-flushable-wipes-not-plant-based-hypoallergenic/,class-action
2026-07-21T17:25:33.208366,Top Class Actions,2026-07-14,Hilton Grand Vacations accused of violating TCPA with repeated marketing calls,https://topclassactions.com/lawsuit-settlements/lawsuit-news/hilton-grand-vacations-accused-of-violating-tcpa-with-repeated-marketing-calls/,class-action
2026-07-21T17:25:33.208366,Top Class Actions,2026-07-14,"Hyundai recalls 96,000 Tucson SUVs due to software glitch",https://topclassactions.com/lawsuit-settlements/lawsuit-news/hyundai-recalls-96000-tucson-suvs-due-to-software-glitch/,class-action
2026-07-21T17:53:50.202174,FDA Alerts (RSS),2026-07-20,Early Alert: Intravascular Administration Set Issue from Baxter,http://www.fda.gov/medical-devices/medical-device-recalls-and-early-alerts/early-alert-intravascular-administration-set-issue-baxter,
2026-07-21T17:53:50.202174,FDA Alerts (RSS),2026-07-20,Unique Pharmaceutical Laboratories (A Div. of J. B. Chemicals & Pharmaceuticals Ltd.) Issues Voluntary Nationwide Recall of Cetirizine Hydrochloride Tablets USP 5 mg Due to Potential Cross Contamination with Ranitidine,http://www.fda.gov/safety/recalls-market-withdrawals-safety-alerts/unique-pharmaceutical-laboratories-div-j-b-chemicals-pharmaceuticals-ltd-issues-voluntary-nationwide,multi-state
2026-07-21T17:53:50.202174,FDA Alerts (RSS),2026-07-17,Thoracic Stent Graft Recall: Bolton Medical Removes Relay Pro System,http://www.fda.gov/medical-devices/medical-device-recalls-and-early-alerts/thoracic-stent-graft-recall-bolton-medical-removes-relay-pro-system,fatality-linked
2026-07-21T17:53:50.202174,FDA Alerts (RSS),2026-07-17,Catheter Introducer Kit Recall:  Abiomed Removes 14Fr Low Profile Introducer Kits,http://www.fda.gov/medical-devices/medical-device-recalls-and-early-alerts/catheter-introducer-kit-recall-abiomed-removes-14fr-low-profile-introducer-kits,
2026-07-21T17:53:50.202174,FDA Alerts (RSS),2026-07-16,Convenience Kit Correction: Arrow International Issues Correction for Convenience Kits Containing Recalled Huons Lidocaine and Bupivacaine and Saline,http://www.fda.gov/medical-devices/medical-device-recalls-and-early-alerts/convenience-kit-correction-arrow-international-issues-correction-convenience-kits-containing,
2026-07-21T17:53:50.202174,FDA Alerts (RSS),2026-07-16,"Convenience Kit Recall: B. Braun Medical, Inc. Removes Spinal Anesthesia Kits Containing Huons Bupivacaine Hydrochloride in Dextrose Injection, USP",http://www.fda.gov/medical-devices/medical-device-recalls-and-early-alerts/convenience-kit-recall-b-braun-medical-inc-removes-spinal-anesthesia-kits-containing-huons,
2026-07-21T17:53:50.202174,FDA Alerts (RSS),2026-07-15,Early Alert: Ventilator Issue from Resmed,http://www.fda.gov/medical-devices/medical-device-recalls-and-early-alerts/early-alert-ventilator-issue-resmed,fatality-linked
2026-07-21T17:53:50.202174,FDA Alerts (RSS),2026-07-14,Positive Pressure Breathing Device Correction: Baxter Issues Correction for Volera Positive Pressure Breathing Devices,http://www.fda.gov/medical-devices/medical-device-recalls-and-early-alerts/positive-pressure-breathing-device-correction-baxter-issues-correction-volera-positive-pressure,
2026-07-21T17:53:50.202174,CPSC Recall (API),2026-07-16T00:00:00,Currey & Company Recalls Nottaway Chandeliers Due to Risk of Serious Injury or Death from Electrocution Hazard,https://www.cpsc.gov/Recalls/2026/Currey-Company-Recalls-Nottaway-Chandeliers-Due-to-Risk-of-Serious-Injury-or-Death-from-Electrocution-Hazard,fatality-linked
2026-07-21T17:53:50.202174,CPSC Recall (API),2026-07-16T00:00:00,Huish Outdoors Recalls Hollis Diving Regulators Due to Risk of Serious Injury or Death from Drowning,https://www.cpsc.gov/Recalls/2026/Huish-Outdoors-Recalls-Hollis-Diving-Regulators-Due-to-Risk-of-Serious-Injury-or-Death-from-Drowning,fatality-linked
2026-07-21T17:53:50.202174,CPSC Recall (API),2026-07-16T00:00:00,Jobon Torch Lighters Recalled Due to Risk of Serious Injury or Death from Fire and Burn Hazards; Violate Mandatory Standard for Multipurpose Lighters,https://www.cpsc.gov/Recalls/2026/Jobon-Torch-Lighters-Recalled-Due-to-Risk-of-Serious-Injury-or-Death-from-Fire-and-Burn-Hazards-Violate-Mandatory-Standard-for-Multipurpose-Lighters,fatality-linked
2026-07-21T17:53:50.202174,CPSC Recall (API),2026-07-16T00:00:00,Liizousuda Paint Thinner Bottles Recalled Due to Risk of Serious Injury or Death from Child Poisoning; Violate Mandatory Standard for Child-Resistant Packaging; Sold on Amazon.com by Shenzhen Gudebo Technology,https://www.cpsc.gov/Recalls/2026/Liizousuda-Paint-Thinner-Bottles-Recalled-Due-to-Risk-of-Serious-Injury-or-Death-from-Child-Poisoning-Violate-Mandatory-Standard-for-Child-Resistant-Packaging-Sold-on-Amazon-com-by-Shenzhen-Gudebo-Technology,fatality-linked
2026-07-21T17:53:50.202174,CPSC Recall (API),2026-07-16T00:00:00,Madewell Recalls Women's Sweaters Due to Due to Risk of Serious Injury or Death from Burn Hazard; Violate Mandatory Standard for Clothing Textiles,https://www.cpsc.gov/Recalls/2026/Madewell-Recalls-Womens-Sweaters-Due-to-Risk-of-Serious-Injury-or-Death-from-Burn-Hazard-Violate-Mandatory-Standard-for-Clothing-Textiles,fatality-linked
2026-07-21T17:53:50.202174,CPSC Recall (API),2026-07-16T00:00:00,MNIENT Adult Portable Bed Rails Recalled Due to Risk of Serious Injury or Death from Entrapment and Asphyxiation; Violate Mandatory Standard for Adult Portable Bed Rails,https://www.cpsc.gov/Recalls/2026/MNIENT-Adult-Portable-Bed-Rails-Recalled-Due-to-Risk-of-Serious-Injury-or-Death-from-Entrapment-and-Asphyxiation-Violate-Mandatory-Standard-for-Adult-Portable-Bed-Rails,fatality-linked
2026-07-21T17:53:50.202174,CPSC Recall (API),2026-07-16T00:00:00,Noerishia Adult Portable Bed Rails Recalled Due to Risk of Serious Injury or Death from Entrapment and Asphyxiation; Violates Mandatory Standard for Adult Portable Bed Rails; Sold on Amazon by Hurzein,https://www.cpsc.gov/Recalls/2026/Noerishia-Adult-Portable-Bed-Rails-Recalled-Due-to-Risk-of-Serious-Injury-or-Death-from-Entrapment-and-Asphyxiation-Violates-Mandatory-Standard-for-Adult-Portable-Bed-Rails-Sold-on-Amazon-by-Hurzein,fatality-linked
2026-07-21T17:53:50.202174,CPSC Recall (API),2026-07-16T00:00:00,Oitnlaughter Projecting Finger Light Toys Recalled Due to Risk of Serious Injury or Death from Battery Ingestion; Violate Mandatory Standard for Toys; Sold on Amazon by Delightmi,https://www.cpsc.gov/Recalls/2026/Oitnlaughter-Projecting-Finger-Light-Toys-Recalled-Due-to-Risk-of-Serious-Injury-or-Death-from-Battery-Ingestion-Violate-Mandatory-Standard-for-Toys-Sold-on-Amazon-by-Delightmi,fatality-linked
2026-07-21T17:53:50.202174,CPSC Recall (API),2026-07-16T00:00:00,Panasonic Recalls Electric Toaster Ovens Due to Shock and Fire Hazards,https://www.cpsc.gov/Recalls/2026/Panasonic-Recalls-Electric-Toaster-Ovens-Due-to-Shock-and-Fire-Hazards,
2026-07-21T17:53:50.202174,CPSC Recall (API),2026-07-16T00:00:00,SDADI Kitchen Step Stools Recalled Due to Risk of Serious Injury and Death from Entrapment and Fall Hazards; Imported by Yiwushi Bihe Trading,https://www.cpsc.gov/Recalls/2026/SDADI-Kitchen-Step-Stools-Recalled-Due-to-Risk-of-Serious-Injury-and-Death-from-Entrapment-and-Fall-Hazards-Imported-by-Yiwushi-Bihe-Trading,fatality-linked
2026-07-21T17:53:50.202174,CPSC Recall (API),2026-07-16T00:00:00,Target Recalls Cat & Jack Children's Sandals Due to Risk of Serious Injury or Death from Choking Hazard,https://www.cpsc.gov/Recalls/2026/Target-Recalls-Cat-Jack-Childrens-Sandals-Due-to-Risk-of-Serious-Injury-or-Death-from-Choking-Hazard,fatality-linked
2026-07-21T17:53:50.202174,CPSC Recall (API),2026-07-16T00:00:00,TOMY Recalls Boon PIVOT Collapsible Toddler Tower Kitchen Step Stools Due to Risk of Serious Injury and Death from Tip-Over and Fall Hazards,https://www.cpsc.gov/Recalls/2026/TOMY-Recalls-Boon-PIVOT-Collapsible-Toddler-Tower-Kitchen-Step-Stools-Due-to-Risk-of-Serious-Injury-and-Death-from-Tip-Over-and-Fall-Hazards,fatality-linked
2026-07-21T17:53:50.202174,CPSC Recall (API),2026-07-16T00:00:00,Wade Logan Annyka 9-Drawer Fabric Dressers Recalled Due to Risk of Serious Injury or Death from Tip-Over and Entrapment Hazards; Violate Mandatory Standard for Clothing Storage Units; Imported by Ningbo Jiangdong Peter International Trading,https://www.cpsc.gov/Recalls/2026/Wade-Logan-Annyka-9-Drawer-Fabric-Dressers-Recalled-Due-to-Risk-of-Serious-Injury-or-Death-from-Tip-Over-and-Entrapment-Hazards-Violate-Mandatory-Standard-for-Clothing-Storage-Units-Imported-by-Ningbo-Jiangdong-Peter-International-Trading,fatality-linked
2026-07-21T17:53:50.202174,CPSC Recall (API),2026-07-16T00:00:00,Warren James Recalls the Copper Cup Found in Flashgitz Relic Lunch Boxes Due to Risk of Serious Injury or Death from Lead Poisoning,https://www.cpsc.gov/Recalls/2026/Warren-James-Recalls-the-Copper-Cup-Found-in-Flashgitz-Relic-Lunch-Boxes-Due-to-Risk-of-Serious-Injury-or-Death-from-Lead-Poisoning,fatality-linked
2026-07-21T17:53:50.202174,CPSC Recall (API),2000-07-05T00:00:00,"CPSC, Burley Design Cooperative Announce Recall to Repair Burely-Bravo™ Bicycle Trailers",https://www.cpsc.gov/Recalls/2000/CPSC-Burley-Design-Cooperative-Announce-Recall-to-Repair-Burely-Bravo-Bicycle-Trailers,
2026-07-21T17:53:50.202174,CPSC Recall (API),2000-07-05T00:00:00,"CPSC, Cycle Express Inc. Announce Recall of Bicycle Helmets",https://www.cpsc.gov/Recalls/2000/CPSC-Cycle-Express-Inc-Announce-Recall-of-Bicycle-Helmets,
2026-07-21T17:53:50.202174,CPSC Recall (API),2000-07-05T00:00:00,"CPSC, Rand International Announce Recall of Bicycle Helmets",https://www.cpsc.gov/Recalls/2000/CPSC-Rand-International-Announce-Recall-of-Bicycle-Helmets,
2026-07-21T17:53:50.202174,CPSC Recall (API),2000-06-29T00:00:00,"CPSC, Kellogg Company Announce Recall of Toy Cars Inside Boxes of Cereal",https://www.cpsc.gov/Recalls/2000/CPSC-Kellogg-Company-Announce-Recall-of-Toy-Cars-Inside-Boxes-of-Cereal,
2026-07-21T17:53:50.202174,CPSC Recall (API),2000-06-29T00:00:00,"CPSC, Whitehall-Robins Healthcare Announce Recall of Teething Rings",https://www.cpsc.gov/Recalls/2000/CPSC-Whitehall-Robins-Healthcare-Announce-Recall-of-Teething-Rings,
2026-07-21T17:53:50.202174,CPSC Recall (API),2000-06-27T00:00:00,CPSC and Tanaka Announce Recall of Hedge Trimmers and Augers,https://www.cpsc.gov/Recalls/2000/CPSC-and-Tanaka-Announce-Recall-of-Hedge-Trimmers-and-Augers,
2026-07-21T17:53:50.202174,CPSC Recall (API),2000-06-27T00:00:00,"CPSC, Apollo Presentation Products Announce Recall of Light Boxes",https://www.cpsc.gov/Recalls/2000/CPSC-Apollo-Presentation-Products-Announce-Recall-of-Light-Boxes,
2026-07-21T17:53:50.202174,CPSC Recall (API),2000-06-27T00:00:00,"CPSC, Galoob Toys Inc. Announce Recall of Sky Dancers® Flying Dolls",https://www.cpsc.gov/Recalls/2000/CPSC-Galoob-Toys-Inc-Announce-Recall-of-Sky-Dancers-Flying-Dolls,
2026-07-21T17:53:50.202174,CPSC Recall (API),2000-06-27T00:00:00,"CPSC, Today's Kids Announce Recall of Spinning Ride Toys",https://www.cpsc.gov/Recalls/2000/CPSC-Todays-Kids-Announce-Recall-of-Spinning-Ride-Toys,
2026-07-21T17:53:50.202174,CPSC Recall (API),2000-03-22T00:00:00,"CPSC, Ace Hardware Corp. Announce Recall of Shingling Hatchets",https://www.cpsc.gov/Recalls/2000/CPSC-Ace-Hardware-Corp-Announce-Recall-of-Shingling-Hatchets,
2026-07-21T17:53:50.202174,SEC 8-K (Item 4.02: material weakness),2026-07-15,"HIGH WIRE NETWORKS, INC.  (HWNI)  (CIK 0001413891) — Item 4.02 8-K referencing 'material weakness'",https://www.sec.gov/Archives/edgar/data/1413891/000168316826005550/highwire_8k.htm,
2026-07-21T17:53:50.202174,SEC 8-K (Item 8.01: internal investigation),2026-07-20,NEOGENOMICS INC  (NEO)  (CIK 0001077183) — Item 8.01 8-K referencing 'internal investigation',https://www.sec.gov/Archives/edgar/data/1077183/000107718326000045/neo-20260720.htm,
2026-07-21T17:53:50.202174,SEC 8-K (Item 8.01: subpoena),2026-07-17,Citigroup Commercial Mortgage Trust 2026-MFAM1  (CIK 0002143199) — Item 8.01 8-K referencing 'subpoena',https://www.sec.gov/Archives/edgar/data/2143199/000153949726001974/exh4_1-psa.htm,
2026-07-21T17:53:50.202174,SEC 8-K (Item 8.01: enforcement action),2026-07-14,Pluri Inc.  (PLUR)  (CIK 0001158780) — Item 8.01 8-K referencing 'enforcement action',https://www.sec.gov/Archives/edgar/data/1158780/000121390026077960/ea0297856-8k_pluri.htm,
2026-07-21T17:53:50.202174,SEC 8-K (Item 8.01: enforcement action),2026-07-17,Citigroup Commercial Mortgage Trust 2026-MFAM1  (CIK 0002143199) — Item 8.01 8-K referencing 'enforcement action',https://www.sec.gov/Archives/edgar/data/2143199/000153949726001974/exh4_1-psa.htm,
2026-07-21T17:53:50.202174,Marler Blog (food safety plaintiff bar),2026-07-21,"Two Federal Documents, Eleven Years Apart, and now another Cyclospora Outbreak",https://www.marlerblog.com/case-news/two-federal-documents-eleven-years-apart-and-now-another-cyclospora-outbreak/,fatality-linked
2026-07-21T17:53:50.202174,Marler Blog (food safety plaintiff bar),2026-07-21,The 2024 Romaine E. coli Outbreak Had a Name the Whole Time. The FDA Just Would Not Say It. Transparency Should Not be an Option,https://www.marlerblog.com/case-news/the-2024-romaine-e-coli-outbreak-had-a-name-the-whole-time-the-fda-just-would-not-say-it-transparency-should-not-be-an-option/,fatality-linked
2026-07-21T17:53:50.202174,Marler Blog (food safety plaintiff bar),2026-07-21,I Was Wrong About the Positive Sample. IFPA Was Right. Now Let’s Both Go Fix the Traceability Rule.,https://www.marlerblog.com/case-news/i-was-wrong-about-the-positive-sample-ifpa-was-right-now-lets-both-go-fix-the-traceability-rule/,
2026-07-21T17:53:50.202174,Marler Blog (food safety plaintiff bar),2026-07-20,"One Test. No Apology. Same Recall. And More Than 10,000 Sick with Cyclospora.",https://www.marlerblog.com/case-news/one-test-no-apology-same-recall-and-more-than-10000-sick-with-cyclospora/,
2026-07-21T17:53:50.202174,Marler Blog (food safety plaintiff bar),2026-07-20,"Taylor Farms Says FDA Apologized. FDA Says, “Product Implicated in This Outbreak.”",https://www.marlerblog.com/case-news/taylor-farms-says-fda-apologized-fda-says-product-implicated-in-this-outbreak/,
2026-07-21T17:53:50.202174,Marler Blog (food safety plaintiff bar),2026-07-20,FDA’s Cyclospora Positive Yesterday Is a False Positive Today. The Victims Ate the Evidence in May.,https://www.marlerblog.com/case-news/fdas-cyclospora-positive-yesterday-is-a-false-positive-today-the-victims-ate-the-evidence-in-may/,multi-state
2026-07-21T17:53:50.202174,Marler Blog (food safety plaintiff bar),2026-07-19,Weekend Wrap-Up: The Source Finally Got a Name — and Then FDA Found It on Lettuce That Was Never Recalled,https://www.marlerblog.com/case-news/weekend-wrap-up-the-source-finally-got-a-name-and-then-fda-found-it-on-lettuce-that-was-never-recalled/,multi-state; fatality-linked
2026-07-21T17:53:50.202174,Marler Blog (food safety plaintiff bar),2026-07-19,"During an Active Cyclospora Outbreak, What do We all Need to Know?",https://www.marlerblog.com/case-news/during-an-active-cyclospora-outbreak-what-do-we-all-need-to-know/,multi-state; fatality-linked
2026-07-21T17:53:50.202174,Marler Blog (food safety plaintiff bar),2026-07-19,I Wrote Back to Western Growers about Cyclospora. Then I Read What Everyone Else in the Industry Said.,https://www.marlerblog.com/case-news/i-wrote-back-to-western-growers-about-cyclospora-then-i-read-what-everyone-else-in-the-industry-said/,fatality-linked
2026-07-21T17:53:50.202174,Marler Blog (food safety plaintiff bar),2026-07-18,FDA Found Cyclospora on Taylor Farms Lettuce at the Border. Credit Where It’s Due. Now Tell Us Where the Rest of That Lot Went.,https://www.marlerblog.com/case-news/fda-found-cyclospora-on-taylor-farms-lettuce-at-the-border-credit-where-its-due-now-tell-us-where-the-rest-of-that-lot-went/,
2026-07-21T17:53:50.202174,Top Class Actions,2026-07-21,How legal intake can impact the outcome of legal marketing,https://topclassactions.com/attorney-marketing/how-legal-intake-can-impact-the-outcome-of-legal-marketing/,class-action
2026-07-21T17:53:50.202174,Top Class Actions,2026-07-21,$1.8M Serviceaide data breach class action settlement,https://topclassactions.com/lawsuit-settlements/open-lawsuit-settlements/1-8m-serviceaide-data-breach-class-action-settlement/,class-action
2026-07-21T17:53:50.202174,Top Class Actions,2026-07-21,Costco class action claims Orgain protein powder contains heavy metals,https://topclassactions.com/lawsuit-settlements/lawsuit-news/costco-class-action-claims-orgain-protein-powder-contains-heavy-metals/,class-action
2026-07-21T17:53:50.202174,Top Class Actions,2026-07-21,Apple faces BIPA class action over alleged Face ID privacy violations,https://topclassactions.com/lawsuit-settlements/lawsuit-news/apple-faces-bipa-class-action-over-alleged-face-id-privacy-violations/,class-action; WATCHLIST:Apple
2026-07-21T17:53:50.202174,Top Class Actions,2026-07-21,Supreme Court limits Roundup lawsuits as Bayer settlement continues,https://topclassactions.com/lawsuit-settlements/lawsuit-news/supreme-court-limits-roundup-lawsuits-as-bayer-settlement-continues/,class-action
2026-07-21T17:53:50.202174,Top Class Actions,2026-07-21,"Cellphone wrong-number robocalls could be worth $500-$1,500 per violation of the federal TCPA",https://topclassactions.com/lawsuit-settlements/investigations/wrong-number-robocall-lawsuit/,class-action
2026-07-21T17:53:50.202174,Top Class Actions,2026-07-21,GM recalls Cadillac Vistiq SUVs over faulty third-row seats,https://topclassactions.com/lawsuit-settlements/lawsuit-news/gm-recalls-cadillac-vistiq-suvs-over-faulty-third-row-seats/,class-action
2026-07-21T17:53:50.202174,Top Class Actions,2026-07-20,Arizona Beverages sued over alleged false ‘100% Natural’ tea labels,https://topclassactions.com/lawsuit-settlements/lawsuit-news/arizona-beverages-sued-over-alleged-false-100-natural-tea-labels/,class-action
2026-07-21T17:53:50.202174,Top Class Actions,2026-07-20,$1.75M AT&T Washington wage class action settlement,https://topclassactions.com/lawsuit-settlements/open-lawsuit-settlements/1-75m-att-washington-wage-class-action-settlement/,class-action
2026-07-21T17:53:50.202174,Top Class Actions,2026-07-20,Real estate spam texts and robocalls may violate the TCPA,https://topclassactions.com/lawsuit-settlements/investigations/unsolicited-real-estate-robocalls-and-spam-texts-violate-the-tcpa/,class-action
2026-07-21T17:53:50.202174,Top Class Actions,2026-07-20,Timex class action alleges deceptive email subject lines violated Washington spam law,https://topclassactions.com/lawsuit-settlements/lawsuit-news/timex-class-action-alleges-deceptive-email-subject-lines-violated-washington-spam-law/,class-action
2026-07-21T17:53:50.202174,Top Class Actions,2026-07-20,AppFolio class action alleges hidden fees on rent payments,https://topclassactions.com/lawsuit-settlements/lawsuit-news/appfolio-class-action-alleges-hidden-fees-on-rent-payments/,class-action
2026-07-21T17:53:50.202174,Top Class Actions,2026-07-20,John Hancock voiceprint ruling highlights limits of Illinois biometric privacy law,https://topclassactions.com/lawsuit-settlements/lawsuit-news/john-hancock-voiceprint-ruling-highlights-limits-of-illinois-biometric-privacy-law/,class-action
2026-07-21T17:53:50.202174,Top Class Actions,2026-07-20,"Ford recalls more than 100,000 Mustangs due to safety concerns",https://topclassactions.com/lawsuit-settlements/lawsuit-news/ford-recalls-more-than-100000-mustangs-due-to-safety-concerns/,class-action
2026-07-21T17:53:50.202174,Top Class Actions,2026-07-17,$2.5M FitOn video privacy class action settlement,https://topclassactions.com/lawsuit-settlements/open-lawsuit-settlements/2-5m-fiton-video-privacy-class-action-settlement/,class-action
2026-07-21T17:53:50.202174,Top Class Actions,2026-07-17,"GM class action alleges coolant leak defect affects Chevrolet, GMC and Buick vehicles",https://topclassactions.com/lawsuit-settlements/lawsuit-news/gm-class-action-alleges-coolant-leak-defect-affects-chevrolet-gmc-and-buick-vehicles/,class-action
2026-07-21T17:53:50.202174,Top Class Actions,2026-07-17,Lume class action alleges ‘unscented’ deodorant contains fragrance,https://topclassactions.com/lawsuit-settlements/lawsuit-news/lume-class-action-alleges-unscented-deodorant-contains-fragrance/,class-action
2026-07-21T17:53:50.202174,Top Class Actions,2026-07-17,TikTok class action lawsuit: Did TikTok collect your child’s personal data?,https://topclassactions.com/lawsuit-settlements/investigations/tiktok-child-privacy-class-action-lawsuit-2/,class-action
2026-07-21T17:53:50.202174,Top Class Actions,2026-07-17,Match.com sued over alleged hidden paywall for Highlights feature,https://topclassactions.com/lawsuit-settlements/lawsuit-news/match-com-sued-over-alleged-hidden-paywall-for-highlights-feature/,class-action
2026-07-21T17:53:50.202174,Top Class Actions,2026-07-17,Mars Petcare recalls Pedigree dog food due to foreign materials in fraudulent resales,https://topclassactions.com/lawsuit-settlements/lawsuit-news/mars-petcare-recalls-pedigree-dog-food-due-to-foreign-materials-in-fraudulent-resales/,class-action
2026-07-21T17:53:50.202174,Top Class Actions,2026-07-16,Skims hit with wage lawsuit alleging ‘systematic’ violations,https://topclassactions.com/lawsuit-settlements/lawsuit-news/skims-hit-with-wage-lawsuit-alleging-systematic-violations/,class-action
2026-07-21T17:53:50.202174,Top Class Actions,2026-07-16,$50M Disney antitrust class action settlement,https://topclassactions.com/lawsuit-settlements/open-lawsuit-settlements/50m-disney-antitrust-class-action-settlement/,class-action
2026-07-21T17:53:50.202174,Top Class Actions,2026-07-16,Arkansas lawsuit claims Snapchat puts minors at risk through disappearing messages,https://topclassactions.com/lawsuit-settlements/lawsuit-news/arkansas-lawsuit-claims-snapchat-puts-minors-at-risk-through-disappearing-messages/,class-action
2026-07-21T17:53:50.202174,Top Class Actions,2026-07-16,TikTok class action claims data breach exposed info of 2.4B users,https://topclassactions.com/lawsuit-settlements/lawsuit-news/tiktok-class-action-claims-data-breach-exposed-info-of-2-4b-users/,class-action
2026-07-21T17:53:50.202174,Top Class Actions,2026-07-16,DraftKings class action alleges data broker software used to track website visitors,https://topclassactions.com/lawsuit-settlements/lawsuit-news/draftkings-class-action-alleges-data-broker-software-used-to-track-website-visitors/,class-action
2026-07-21T17:53:50.202174,Top Class Actions,2026-07-16,"Ford recalls over 741,000 SUVs and pickups due to rollaway risk",https://topclassactions.com/lawsuit-settlements/lawsuit-news/ford-recalls-over-741000-suvs-and-pickups-due-to-rollaway-risk/,class-action
2026-07-21T17:53:50.202174,Top Class Actions,2026-07-15,Cove USA class action alleges perpetual flash sales deceived consumers,https://topclassactions.com/lawsuit-settlements/lawsuit-news/cove-usa-class-action-alleges-perpetual-flash-sales-deceived-consumers/,class-action
2026-07-21T17:53:50.202174,Top Class Actions,2026-07-15,$2.95M STIIIZY data breach class action settlement,https://topclassactions.com/lawsuit-settlements/open-lawsuit-settlements/2-95m-stiiizy-data-breach-class-action-settlement/,class-action
2026-07-21T17:53:50.202174,Top Class Actions,2026-07-15,Class action alleges Temu used deceptive spam emails to install tracking technology,https://topclassactions.com/lawsuit-settlements/lawsuit-news/class-action-alleges-temu-used-deceptive-spam-emails-to-install-tracking-technology/,class-action
2026-07-21T17:53:50.202174,Top Class Actions,2026-07-15,Jeep 4xe battery lawsuit: Learn about your legal options,https://topclassactions.com/lawsuit-settlements/investigations/jeep-4xe-battery-defect-arbitration/,class-action
2026-07-21T17:53:50.202174,Top Class Actions,2026-07-15,Popflex sued over alleged deceptive checkout tactics and hidden fees,https://topclassactions.com/lawsuit-settlements/lawsuit-news/popflex-sued-over-alleged-deceptive-checkout-tactics-and-hidden-fees/,class-action
2026-07-21T17:53:50.202174,Top Class Actions,2026-07-15,Roblox addiction lawsuit – parents may qualify for compensation,https://topclassactions.com/lawsuit-settlements/investigations/roblox-addiction-class-action-lawsuit/,class-action
2026-07-21T17:53:50.202174,Top Class Actions,2026-07-15,Cash App parent Block to pay $45M to settle states’ fraud protection claims,https://topclassactions.com/lawsuit-settlements/lawsuit-news/cash-app-parent-block-to-pay-45m-to-settle-states-fraud-protection-claims/,class-action
2026-07-21T17:53:50.202174,Top Class Actions,2026-07-15,"Land Rover recalls Defender, Discovery and Range Rover vehicles due to airbag issue",https://topclassactions.com/lawsuit-settlements/lawsuit-news/land-rover-recalls-defender-discovery-and-range-rover-vehicles-due-to-airbag-issue/,class-action
2026-07-21T17:53:50.202174,Top Class Actions,2026-07-15,Wage theft lawsuit investigation: Are you owed unpaid overtime?,https://topclassactions.com/lawsuit-settlements/investigations/wage-theft-lawsuit-investigation-are-you-owed-unpaid-overtime/,class-action
2026-07-21T17:53:50.202174,Top Class Actions,2026-07-14,Spam texts during TCPA quiet hours?,https://topclassactions.com/lawsuit-settlements/investigations/tcpa-quiet-hours-text-message-violations-class-action/,class-action
2026-07-21T17:53:50.202174,Top Class Actions,2026-07-14,$3.04M Las Vegas Grand Prix tickets class action settlement,https://topclassactions.com/lawsuit-settlements/open-lawsuit-settlements/3-04m-las-vegas-grand-prix-tickets-class-action-settlement/,class-action
2026-07-21T17:53:50.202174,Top Class Actions,2026-07-14,Dig Inn class action alleges restaurant group hides delivery fees as taxes,https://topclassactions.com/lawsuit-settlements/lawsuit-news/dig-inn-class-action-alleges-restaurant-group-hides-delivery-fees-as-taxes/,class-action
2026-07-21T17:53:50.202174,Top Class Actions,2026-07-14,"Dude Wipes class action alleges flushable wipes not plant-based, hypoallergenic",https://topclassactions.com/lawsuit-settlements/lawsuit-news/dude-wipes-class-action-alleges-flushable-wipes-not-plant-based-hypoallergenic/,class-action
2026-07-21T17:53:50.202174,Top Class Actions,2026-07-14,Hilton Grand Vacations accused of violating TCPA with repeated marketing calls,https://topclassactions.com/lawsuit-settlements/lawsuit-news/hilton-grand-vacations-accused-of-violating-tcpa-with-repeated-marketing-calls/,class-action
2026-07-21T17:53:50.202174,Top Class Actions,2026-07-14,"Hyundai recalls 96,000 Tucson SUVs due to software glitch",https://topclassactions.com/lawsuit-settlements/lawsuit-news/hyundai-recalls-96000-tucson-suvs-due-to-software-glitch/,class-action
