pulled_at,source,date,headline,url,tags
2026-07-22T20:34:58.370884,FDA Food Recall,2026-07-15,Adams Extract & Spice LLC — Class I recall (TX),https://www.accessdata.fda.gov/scripts/ires/index.cfm,
2026-07-22T20:34:58.370884,FDA Food Recall,2026-07-15,Bear Stewart Co — Class II recall (IL),https://www.accessdata.fda.gov/scripts/ires/index.cfm,
2026-07-22T20:34:58.370884,FDA Food Recall,2026-07-15,Adams Extract & Spice LLC — Class I recall (TX),https://www.accessdata.fda.gov/scripts/ires/index.cfm,
2026-07-22T20:34:58.370884,FDA Food Recall,2026-07-15,Wise Foods Inc — Class II recall (PA),https://www.accessdata.fda.gov/scripts/ires/index.cfm,
2026-07-22T20:34:58.370884,FDA Food Recall,2026-07-15,Trafa Pharmaceutical Inc. — Class I recall (MA),https://www.accessdata.fda.gov/scripts/ires/index.cfm,
2026-07-22T20:34:58.370884,FDA Food Recall,2026-07-15,"Specialty Bakers, LLC — Class II recall (PA)",https://www.accessdata.fda.gov/scripts/ires/index.cfm,
2026-07-22T20:34:58.370884,FDA Food Recall,2026-07-15,Adams Extract & Spice LLC — Class I recall (TX),https://www.accessdata.fda.gov/scripts/ires/index.cfm,
2026-07-22T20:34:58.370884,FDA Food Recall,2026-07-15,Fresh & Ready Foods LLC — Class I recall (WA),https://www.accessdata.fda.gov/scripts/ires/index.cfm,
2026-07-22T20:34:58.370884,FDA Food Recall,2026-07-15,Wondermade LLC — Class II recall (FL),https://www.accessdata.fda.gov/scripts/ires/index.cfm,
2026-07-22T20:34:58.370884,FDA Food Recall,2026-07-15,Adams Extract & Spice LLC — Class I recall (TX),https://www.accessdata.fda.gov/scripts/ires/index.cfm,
2026-07-22T20:34:58.370884,FDA Food Recall,2026-07-15,"Lehi Valley Trading Company, Inc — Class I recall (AZ)",https://www.accessdata.fda.gov/scripts/ires/index.cfm,
2026-07-22T20:34:58.370884,FDA Food Recall,2026-07-15,Fresh & Ready Foods LLC — Class I recall (WA),https://www.accessdata.fda.gov/scripts/ires/index.cfm,
2026-07-22T20:34:58.370884,FDA Food Recall,2026-07-15,Adams Extract & Spice LLC — Class II recall (TX),https://www.accessdata.fda.gov/scripts/ires/index.cfm,
2026-07-22T20:34:58.370884,FDA Drug Recall,2026-07-15,ONESOURCE SPECIALTY PHARMA LIMITED — Class II recall (N/A),https://www.accessdata.fda.gov/scripts/ires/index.cfm,
2026-07-22T20:34:58.370884,FDA Drug Recall,2026-07-15,Gasco Industrial Corp. — Class II recall (PR),https://www.accessdata.fda.gov/scripts/ires/index.cfm,
2026-07-22T20:34:58.370884,FDA Drug Recall,2026-07-15,Gasco Industrial Corp. — Class II recall (PR),https://www.accessdata.fda.gov/scripts/ires/index.cfm,
2026-07-22T20:34:58.370884,FDA Drug Recall,2026-07-15,Gasco Industrial Corp. — Class II recall (PR),https://www.accessdata.fda.gov/scripts/ires/index.cfm,
2026-07-22T20:34:58.370884,FDA Drug Recall,2026-07-15,Shimoga Chemicals — Class II recall (N/A),https://www.accessdata.fda.gov/scripts/ires/index.cfm,
2026-07-22T20:34:58.370884,FDA Drug Recall,2026-07-15,Reliance Life Sciences Private Limited — Class II recall (N/A),https://www.accessdata.fda.gov/scripts/ires/index.cfm,
2026-07-22T20:34:58.370884,FDA Drug Recall,2026-07-15,Gasco Industrial Corp. — Class II recall (PR),https://www.accessdata.fda.gov/scripts/ires/index.cfm,
2026-07-22T20:34:58.370884,FDA Drug Recall,2026-07-15,Gasco Industrial Corp. — Class II recall (PR),https://www.accessdata.fda.gov/scripts/ires/index.cfm,
2026-07-22T20:34:58.370884,FDA Drug Recall,2026-07-15,Reliance Life Sciences Private Limited — Class II recall (N/A),https://www.accessdata.fda.gov/scripts/ires/index.cfm,
2026-07-22T20:34:58.370884,FDA Drug Recall,2026-07-15,Reliance Life Sciences Private Limited — Class II recall (N/A),https://www.accessdata.fda.gov/scripts/ires/index.cfm,
2026-07-22T20:34:58.370884,FDA Drug Recall,2026-07-15,Reliance Life Sciences Private Limited — Class II recall (N/A),https://www.accessdata.fda.gov/scripts/ires/index.cfm,
2026-07-22T20:34:58.370884,FDA Drug Recall,2026-07-15,"BioMed Laboratories, LLC. — Class II recall (TX)",https://www.accessdata.fda.gov/scripts/ires/index.cfm,
2026-07-22T20:34:58.370884,FDA Drug Recall,2026-07-15,Gasco Industrial Corp. — Class II recall (PR),https://www.accessdata.fda.gov/scripts/ires/index.cfm,
2026-07-22T20:34:58.370884,FDA Drug Recall,2026-07-15,"QuVa Pharma, Inc. — Class II recall (TX)",https://www.accessdata.fda.gov/scripts/ires/index.cfm,
2026-07-22T20:34:58.370884,FDA Device Recall,2026-07-15,"ConvaTec, Inc — Class II recall (NC)",https://www.accessdata.fda.gov/scripts/ires/index.cfm,
2026-07-22T20:34:58.370884,FDA Device Recall,2026-07-15,WALLAC OY — Class II recall (N/A),https://www.accessdata.fda.gov/scripts/ires/index.cfm,
2026-07-22T20:34:58.370884,FDA Device Recall,2026-07-15,Klowen Braces — Class II recall (TX),https://www.accessdata.fda.gov/scripts/ires/index.cfm,
2026-07-22T20:34:58.370884,FDA Device Recall,2026-07-15,"Medtronic MiniMed, Inc. — Class II recall (CA)",https://www.accessdata.fda.gov/scripts/ires/index.cfm,
2026-07-22T20:34:58.370884,FDA Device Recall,2026-07-15,Olympus Corporation of the Americas — Class II recall (PA),https://www.accessdata.fda.gov/scripts/ires/index.cfm,
2026-07-22T20:34:58.370884,FDA Device Recall,2026-07-15,CMR SURGICAL LIMITED — Class II recall (N/A),https://www.accessdata.fda.gov/scripts/ires/index.cfm,
2026-07-22T20:34:58.370884,FDA Device Recall,2026-07-15,"Medline Industries, LP — Class II recall (IL)",https://www.accessdata.fda.gov/scripts/ires/index.cfm,
2026-07-22T20:34:58.370884,FDA Device Recall,2026-07-15,"Siemens Healthcare Diagnostics, Inc. — Class II recall (NY)",https://www.accessdata.fda.gov/scripts/ires/index.cfm,
2026-07-22T20:34:58.370884,FDA Device Recall,2026-07-15,"Elekta, Inc. — Class II recall (GA)",https://www.accessdata.fda.gov/scripts/ires/index.cfm,
2026-07-22T20:34:58.370884,FDA Device Recall,2026-07-15,"Fresenius Medical Care Holdings, Inc. — Class II recall (MA)",https://www.accessdata.fda.gov/scripts/ires/index.cfm,
2026-07-22T20:34:58.370884,FDA Device Recall,2026-07-15,"Elekta, Inc. — Class II recall (GA)",https://www.accessdata.fda.gov/scripts/ires/index.cfm,
2026-07-22T20:34:58.370884,FDA Device Recall,2026-07-15,"Elekta, Inc. — Class II recall (GA)",https://www.accessdata.fda.gov/scripts/ires/index.cfm,
2026-07-22T20:34:58.370884,FDA Device Recall,2026-07-15,"Think Surgical, Inc. — Class II recall (CA)",https://www.accessdata.fda.gov/scripts/ires/index.cfm,
2026-07-22T20:34:58.370884,FDA Device Recall,2026-07-15,Biomerieux Inc — Class II recall (MO),https://www.accessdata.fda.gov/scripts/ires/index.cfm,
2026-07-22T20:34:58.370884,FDA Device Recall,2026-07-15,Boston Scientific Neuromodulation Corporation — Class II recall (CA),https://www.accessdata.fda.gov/scripts/ires/index.cfm,
2026-07-22T20:34:58.370884,FDA Device Recall,2026-07-15,"Medline Industries, LP — Class II recall (IL)",https://www.accessdata.fda.gov/scripts/ires/index.cfm,
2026-07-22T20:34:58.370884,FDA Device Recall,2026-07-15,"Encore Medical, LP — Class II recall (TX)",https://www.accessdata.fda.gov/scripts/ires/index.cfm,
2026-07-22T20:34:58.370884,FDA Device Recall,2026-07-15,"Encore Medical, LP — Class II recall (TX)",https://www.accessdata.fda.gov/scripts/ires/index.cfm,
2026-07-22T20:34:58.370884,FDA Device Recall,2026-07-15,"Medline Industries, LP — Class II recall (IL)",https://www.accessdata.fda.gov/scripts/ires/index.cfm,
2026-07-22T20:34:58.370884,FDA Device Recall,2026-07-15,Integra LifeSciences Corp. (NeuroSciences) — Class II recall (NJ),https://www.accessdata.fda.gov/scripts/ires/index.cfm,
2026-07-22T20:34:58.370884,CPSC Recall,2026-07-16T00:00:00,Currey & Company Recalls Nottaway Chandeliers Due to Risk of Serious Injury or Death from Electrocution Hazard,https://www.cpsc.gov/Recalls/2026/Currey-Company-Recalls-Nottaway-Chandeliers-Due-to-Risk-of-Serious-Injury-or-Death-from-Electrocution-Hazard,fatality-linked
2026-07-22T20:34:58.370884,CPSC Recall,2026-07-16T00:00:00,Huish Outdoors Recalls Hollis Diving Regulators Due to Risk of Serious Injury or Death from Drowning,https://www.cpsc.gov/Recalls/2026/Huish-Outdoors-Recalls-Hollis-Diving-Regulators-Due-to-Risk-of-Serious-Injury-or-Death-from-Drowning,fatality-linked
2026-07-22T20:34:58.370884,CPSC Recall,2026-07-16T00:00:00,Jobon Torch Lighters Recalled Due to Risk of Serious Injury or Death from Fire and Burn Hazards; Violate Mandatory Standard for Multipurpose Lighters,https://www.cpsc.gov/Recalls/2026/Jobon-Torch-Lighters-Recalled-Due-to-Risk-of-Serious-Injury-or-Death-from-Fire-and-Burn-Hazards-Violate-Mandatory-Standard-for-Multipurpose-Lighters,fatality-linked
2026-07-22T20:34:58.370884,CPSC Recall,2026-07-16T00:00:00,Liizousuda Paint Thinner Bottles Recalled Due to Risk of Serious Injury or Death from Child Poisoning; Violate Mandatory Standard for Child-Resistant Packaging; Sold on Amazon.com by Shenzhen Gudebo Technology,https://www.cpsc.gov/Recalls/2026/Liizousuda-Paint-Thinner-Bottles-Recalled-Due-to-Risk-of-Serious-Injury-or-Death-from-Child-Poisoning-Violate-Mandatory-Standard-for-Child-Resistant-Packaging-Sold-on-Amazon-com-by-Shenzhen-Gudebo-Technology,fatality-linked
2026-07-22T20:34:58.370884,CPSC Recall,2026-07-16T00:00:00,Madewell Recalls Women's Sweaters Due to Due to Risk of Serious Injury or Death from Burn Hazard; Violate Mandatory Standard for Clothing Textiles,https://www.cpsc.gov/Recalls/2026/Madewell-Recalls-Womens-Sweaters-Due-to-Risk-of-Serious-Injury-or-Death-from-Burn-Hazard-Violate-Mandatory-Standard-for-Clothing-Textiles,fatality-linked
2026-07-22T20:34:58.370884,CPSC Recall,2026-07-16T00:00:00,MNIENT Adult Portable Bed Rails Recalled Due to Risk of Serious Injury or Death from Entrapment and Asphyxiation; Violate Mandatory Standard for Adult Portable Bed Rails,https://www.cpsc.gov/Recalls/2026/MNIENT-Adult-Portable-Bed-Rails-Recalled-Due-to-Risk-of-Serious-Injury-or-Death-from-Entrapment-and-Asphyxiation-Violate-Mandatory-Standard-for-Adult-Portable-Bed-Rails,fatality-linked
2026-07-22T20:34:58.370884,CPSC Recall,2026-07-16T00:00:00,Noerishia Adult Portable Bed Rails Recalled Due to Risk of Serious Injury or Death from Entrapment and Asphyxiation; Violates Mandatory Standard for Adult Portable Bed Rails; Sold on Amazon by Hurzein,https://www.cpsc.gov/Recalls/2026/Noerishia-Adult-Portable-Bed-Rails-Recalled-Due-to-Risk-of-Serious-Injury-or-Death-from-Entrapment-and-Asphyxiation-Violates-Mandatory-Standard-for-Adult-Portable-Bed-Rails-Sold-on-Amazon-by-Hurzein,fatality-linked
2026-07-22T20:34:58.370884,CPSC Recall,2026-07-16T00:00:00,Oitnlaughter Projecting Finger Light Toys Recalled Due to Risk of Serious Injury or Death from Battery Ingestion; Violate Mandatory Standard for Toys; Sold on Amazon by Delightmi,https://www.cpsc.gov/Recalls/2026/Oitnlaughter-Projecting-Finger-Light-Toys-Recalled-Due-to-Risk-of-Serious-Injury-or-Death-from-Battery-Ingestion-Violate-Mandatory-Standard-for-Toys-Sold-on-Amazon-by-Delightmi,fatality-linked
2026-07-22T20:34:58.370884,CPSC Recall,2026-07-16T00:00:00,Panasonic Recalls Electric Toaster Ovens Due to Shock and Fire Hazards,https://www.cpsc.gov/Recalls/2026/Panasonic-Recalls-Electric-Toaster-Ovens-Due-to-Shock-and-Fire-Hazards,
2026-07-22T20:34:58.370884,CPSC Recall,2026-07-16T00:00:00,SDADI Kitchen Step Stools Recalled Due to Risk of Serious Injury and Death from Entrapment and Fall Hazards; Imported by Yiwushi Bihe Trading,https://www.cpsc.gov/Recalls/2026/SDADI-Kitchen-Step-Stools-Recalled-Due-to-Risk-of-Serious-Injury-and-Death-from-Entrapment-and-Fall-Hazards-Imported-by-Yiwushi-Bihe-Trading,fatality-linked
2026-07-22T20:34:58.370884,CPSC Recall,2026-07-16T00:00:00,Target Recalls Cat & Jack Children's Sandals Due to Risk of Serious Injury or Death from Choking Hazard,https://www.cpsc.gov/Recalls/2026/Target-Recalls-Cat-Jack-Childrens-Sandals-Due-to-Risk-of-Serious-Injury-or-Death-from-Choking-Hazard,fatality-linked
2026-07-22T20:34:58.370884,CPSC Recall,2026-07-16T00:00:00,TOMY Recalls Boon PIVOT Collapsible Toddler Tower Kitchen Step Stools Due to Risk of Serious Injury and Death from Tip-Over and Fall Hazards,https://www.cpsc.gov/Recalls/2026/TOMY-Recalls-Boon-PIVOT-Collapsible-Toddler-Tower-Kitchen-Step-Stools-Due-to-Risk-of-Serious-Injury-and-Death-from-Tip-Over-and-Fall-Hazards,fatality-linked
2026-07-22T20:34:58.370884,CPSC Recall,2026-07-16T00:00:00,Wade Logan Annyka 9-Drawer Fabric Dressers Recalled Due to Risk of Serious Injury or Death from Tip-Over and Entrapment Hazards; Violate Mandatory Standard for Clothing Storage Units; Imported by Ningbo Jiangdong Peter International Trading,https://www.cpsc.gov/Recalls/2026/Wade-Logan-Annyka-9-Drawer-Fabric-Dressers-Recalled-Due-to-Risk-of-Serious-Injury-or-Death-from-Tip-Over-and-Entrapment-Hazards-Violate-Mandatory-Standard-for-Clothing-Storage-Units-Imported-by-Ningbo-Jiangdong-Peter-International-Trading,fatality-linked
2026-07-22T20:34:58.370884,CPSC Recall,2026-07-16T00:00:00,Warren James Recalls the Copper Cup Found in Flashgitz Relic Lunch Boxes Due to Risk of Serious Injury or Death from Lead Poisoning,https://www.cpsc.gov/Recalls/2026/Warren-James-Recalls-the-Copper-Cup-Found-in-Flashgitz-Relic-Lunch-Boxes-Due-to-Risk-of-Serious-Injury-or-Death-from-Lead-Poisoning,fatality-linked
2026-07-22T20:34:58.370884,CPSC Recall,2000-07-20T00:00:00,Teethers Recalled by Manhattan Group LLC,https://www.cpsc.gov/Recalls/2000/Teethers-Recalled-by-Manhattan-Group-LLC,
2026-07-22T20:34:58.370884,CPSC Recall,2000-07-12T00:00:00,"CPSC, Dollar Tree Stores Inc. Announce Recall of Doll Feeding Sets",https://www.cpsc.gov/Recalls/2000/CPSC-Dollar-Tree-Stores-Inc-Announce-Recall-of-Doll-Feeding-Sets,
2026-07-22T20:34:58.370884,CPSC Recall,2000-07-11T00:00:00,"CPSC, Appliance Co. of America Announce Recall of Toaster Ovens",https://www.cpsc.gov/Recalls/2000/CPSC-Appliance-Co-of-America-Announce-Recall-of-Toaster-Ovens,
2026-07-22T20:34:58.370884,CPSC Recall,2000-07-06T00:00:00,"CPSC, The First Years Inc. Announce Recall to Replace ""Elmo Nitelights""",https://www.cpsc.gov/Recalls/2000/CPSC-The-First-Years-Inc-Announce-Recall-to-Replace-Elmo-Nitelights,
2026-07-22T20:34:58.370884,CPSC Recall,2000-07-05T00:00:00,"CPSC, Burley Design Cooperative Announce Recall to Repair Burely-Bravo™ Bicycle Trailers",https://www.cpsc.gov/Recalls/2000/CPSC-Burley-Design-Cooperative-Announce-Recall-to-Repair-Burely-Bravo-Bicycle-Trailers,
2026-07-22T20:34:58.370884,CPSC Recall,2000-07-05T00:00:00,"CPSC, Cycle Express Inc. Announce Recall of Bicycle Helmets",https://www.cpsc.gov/Recalls/2000/CPSC-Cycle-Express-Inc-Announce-Recall-of-Bicycle-Helmets,
2026-07-22T20:34:58.370884,CPSC Recall,2000-07-05T00:00:00,"CPSC, Rand International Announce Recall of Bicycle Helmets",https://www.cpsc.gov/Recalls/2000/CPSC-Rand-International-Announce-Recall-of-Bicycle-Helmets,
2026-07-22T20:34:58.370884,CPSC Recall,2000-06-29T00:00:00,"CPSC, Kellogg Company Announce Recall of Toy Cars Inside Boxes of Cereal",https://www.cpsc.gov/Recalls/2000/CPSC-Kellogg-Company-Announce-Recall-of-Toy-Cars-Inside-Boxes-of-Cereal,
2026-07-22T20:34:58.370884,CPSC Recall,2000-06-29T00:00:00,"CPSC, Whitehall-Robins Healthcare Announce Recall of Teething Rings",https://www.cpsc.gov/Recalls/2000/CPSC-Whitehall-Robins-Healthcare-Announce-Recall-of-Teething-Rings,
2026-07-22T20:34:58.370884,CPSC Recall,2000-06-27T00:00:00,CPSC and Tanaka Announce Recall of Hedge Trimmers and Augers,https://www.cpsc.gov/Recalls/2000/CPSC-and-Tanaka-Announce-Recall-of-Hedge-Trimmers-and-Augers,
2026-07-22T20:34:58.370884,CPSC Recall,2000-06-27T00:00:00,"CPSC, Apollo Presentation Products Announce Recall of Light Boxes",https://www.cpsc.gov/Recalls/2000/CPSC-Apollo-Presentation-Products-Announce-Recall-of-Light-Boxes,
2026-07-22T20:34:58.370884,CPSC Recall,2000-06-27T00:00:00,"CPSC, Galoob Toys Inc. Announce Recall of Sky Dancers® Flying Dolls",https://www.cpsc.gov/Recalls/2000/CPSC-Galoob-Toys-Inc-Announce-Recall-of-Sky-Dancers-Flying-Dolls,
2026-07-22T20:34:58.370884,CPSC Recall,2000-06-27T00:00:00,"CPSC, Today's Kids Announce Recall of Spinning Ride Toys",https://www.cpsc.gov/Recalls/2000/CPSC-Todays-Kids-Announce-Recall-of-Spinning-Ride-Toys,
2026-07-22T20:34:58.370884,CPSC Recall,2000-03-22T00:00:00,"CPSC, Ace Hardware Corp. Announce Recall of Shingling Hatchets",https://www.cpsc.gov/Recalls/2000/CPSC-Ace-Hardware-Corp-Announce-Recall-of-Shingling-Hatchets,
2026-07-22T20:34:58.370884,SEC 8-K (Item 4.02: material weakness),2026-07-15,"HIGH WIRE NETWORKS, INC.  (HWNI)  (CIK 0001413891) — Item 4.02 8-K referencing 'material weakness'",https://www.sec.gov/Archives/edgar/data/1413891/000168316826005550/highwire_8k.htm,
2026-07-22T20:34:58.370884,SEC 8-K (Item 8.01: internal investigation),2026-07-22,NEOGENOMICS INC  (NEO)  (CIK 0001077183) — Item 8.01 8-K referencing 'internal investigation',https://www.sec.gov/Archives/edgar/data/1077183/000107718326000049/neo-20260720.htm,
2026-07-22T20:34:58.370884,SEC 8-K (Item 8.01: internal investigation),2026-07-20,NEOGENOMICS INC  (NEO)  (CIK 0001077183) — Item 8.01 8-K referencing 'internal investigation',https://www.sec.gov/Archives/edgar/data/1077183/000107718326000045/neo-20260720.htm,
2026-07-22T20:34:58.370884,SEC 8-K (Item 8.01: subpoena),2026-07-17,Citigroup Commercial Mortgage Trust 2026-MFAM1  (CIK 0002143199) — Item 8.01 8-K referencing 'subpoena',https://www.sec.gov/Archives/edgar/data/2143199/000153949726001974/exh4_1-psa.htm,
2026-07-22T20:34:58.370884,SEC 8-K (Item 8.01: enforcement action),2026-07-17,Citigroup Commercial Mortgage Trust 2026-MFAM1  (CIK 0002143199) — Item 8.01 8-K referencing 'enforcement action',https://www.sec.gov/Archives/edgar/data/2143199/000153949726001974/exh4_1-psa.htm,
2026-07-22T20:34:58.370884,Marler Blog (food safety plaintiff bar),2026-07-22,"Mexico Says There’s No Laboratory Evidence Its Lettuce Made Anyone Sick. In a Cyclospora Outbreak, There Almost Never Is.",https://www.marlerblog.com/case-news/mexico-says-theres-no-laboratory-evidence-its-lettuce-made-anyone-sick-in-a-cyclospora-outbreak-there-almost-never-is/,
2026-07-22T20:34:58.370884,Marler Blog (food safety plaintiff bar),2026-07-22,The Cyclospora Outbreak Has Sickened Thousands. Here Is What Each Corner of the Produce Industry Said — and Whether It Still Says It.,https://www.marlerblog.com/case-news/the-cyclospora-outbreak-has-sickened-thousands-here-is-what-each-corner-of-the-produce-industry-said-and-whether-it-still-says-it/,fatality-linked
2026-07-22T20:34:58.370884,Marler Blog (food safety plaintiff bar),2026-07-21,"“Under Control?” Michigan Added 2,408 Cyclospora Cases Last Week.",https://www.marlerblog.com/case-news/under-control-michigan-added-2408-cyclospora-cases-last-week/,
2026-07-22T20:34:58.370884,Marler Blog (food safety plaintiff bar),2026-07-21,"Two Federal Documents, Eleven Years Apart, and now another Cyclospora Outbreak",https://www.marlerblog.com/case-news/two-federal-documents-eleven-years-apart-and-now-another-cyclospora-outbreak/,fatality-linked
2026-07-22T20:34:58.370884,Marler Blog (food safety plaintiff bar),2026-07-21,The 2024 Romaine E. coli Outbreak Had a Name the Whole Time. The FDA Just Would Not Say It. Transparency Should Not be an Option,https://www.marlerblog.com/case-news/the-2024-romaine-e-coli-outbreak-had-a-name-the-whole-time-the-fda-just-would-not-say-it-transparency-should-not-be-an-option/,fatality-linked
2026-07-22T20:34:58.370884,Marler Blog (food safety plaintiff bar),2026-07-21,I Was Wrong About the Positive Sample. IFPA Was Right. Now Let’s Both Go Fix the Traceability Rule.,https://www.marlerblog.com/case-news/i-was-wrong-about-the-positive-sample-ifpa-was-right-now-lets-both-go-fix-the-traceability-rule/,
2026-07-22T20:34:58.370884,Marler Blog (food safety plaintiff bar),2026-07-20,"One Test. No Apology. Same Recall. And More Than 10,000 Sick with Cyclospora.",https://www.marlerblog.com/case-news/one-test-no-apology-same-recall-and-more-than-10000-sick-with-cyclospora/,
2026-07-22T20:34:58.370884,Marler Blog (food safety plaintiff bar),2026-07-20,"Taylor Farms Says FDA Apologized. FDA Says, “Product Implicated in This Outbreak.”",https://www.marlerblog.com/case-news/taylor-farms-says-fda-apologized-fda-says-product-implicated-in-this-outbreak/,
2026-07-22T20:34:58.370884,Marler Blog (food safety plaintiff bar),2026-07-20,FDA’s Cyclospora Positive Yesterday Is a False Positive Today. The Victims Ate the Evidence in May.,https://www.marlerblog.com/case-news/fdas-cyclospora-positive-yesterday-is-a-false-positive-today-the-victims-ate-the-evidence-in-may/,multi-state
2026-07-22T20:34:58.370884,Marler Blog (food safety plaintiff bar),2026-07-19,Weekend Wrap-Up: The Source Finally Got a Name — and Then FDA Found It on Lettuce That Was Never Recalled,https://www.marlerblog.com/case-news/weekend-wrap-up-the-source-finally-got-a-name-and-then-fda-found-it-on-lettuce-that-was-never-recalled/,multi-state; fatality-linked
2026-07-22T20:34:58.370884,Top Class Actions,2026-07-22,$2.2M Equifax credit reporting class action settlement,https://topclassactions.com/lawsuit-settlements/open-lawsuit-settlements/2-2m-equifax-credit-reporting-class-action-settlement/,class-action
2026-07-22T20:34:58.370884,Top Class Actions,2026-07-22,Kia class action alleges Telluride SUVs have severe battery drain defect,https://topclassactions.com/lawsuit-settlements/lawsuit-news/kia-class-action-alleges-telluride-suvs-have-severe-battery-drain-defect/,class-action
2026-07-22T20:34:58.370884,Top Class Actions,2026-07-22,Two Google class actions claim Nest cameras scan passersby’s faces without consent,https://topclassactions.com/lawsuit-settlements/lawsuit-news/two-google-class-actions-claim-nest-cameras-scan-passersbys-faces-without-consent/,class-action
2026-07-22T20:34:58.370884,Top Class Actions,2026-07-22,Gaming addiction: Apple Arcade lawsuit investigation,https://topclassactions.com/lawsuit-settlements/investigations/apple-arcade-addicting-games-class-action-lawsuit-investigation/,class-action; WATCHLIST:Apple
2026-07-22T20:34:58.370884,Top Class Actions,2026-07-22,"UPS class action alleges company failed to provide meal, rest breaks",https://topclassactions.com/lawsuit-settlements/lawsuit-news/ups-class-action-alleges-company-failed-to-provide-meal-rest-breaks/,class-action
2026-07-22T20:34:58.370884,Top Class Actions,2026-07-22,"Kia recalls more than 460K Telluride vehicles, issues park outside alert",https://topclassactions.com/lawsuit-settlements/lawsuit-news/kia-recalls-more-than-460k-telluride-vehicles-issues-park-outside-alert/,class-action
2026-07-22T20:34:58.370884,Top Class Actions,2026-07-21,How legal intake can impact the outcome of legal marketing,https://topclassactions.com/attorney-marketing/how-legal-intake-can-impact-the-outcome-of-legal-marketing/,class-action
2026-07-22T20:34:58.370884,Top Class Actions,2026-07-21,$1.8M Serviceaide data breach class action settlement,https://topclassactions.com/lawsuit-settlements/open-lawsuit-settlements/1-8m-serviceaide-data-breach-class-action-settlement/,class-action
2026-07-22T20:34:58.370884,Top Class Actions,2026-07-21,Costco class action claims Orgain protein powder contains heavy metals,https://topclassactions.com/lawsuit-settlements/lawsuit-news/costco-class-action-claims-orgain-protein-powder-contains-heavy-metals/,class-action
2026-07-22T20:34:58.370884,Top Class Actions,2026-07-21,Apple faces BIPA class action over alleged Face ID privacy violations,https://topclassactions.com/lawsuit-settlements/lawsuit-news/apple-faces-bipa-class-action-over-alleged-face-id-privacy-violations/,class-action; WATCHLIST:Apple
2026-07-22T20:34:58.370884,Top Class Actions,2026-07-21,Supreme Court limits Roundup lawsuits as Bayer settlement continues,https://topclassactions.com/lawsuit-settlements/lawsuit-news/supreme-court-limits-roundup-lawsuits-as-bayer-settlement-continues/,class-action
2026-07-22T20:34:58.370884,Top Class Actions,2026-07-21,"Cellphone wrong-number robocalls could be worth $500-$1,500 per violation of the federal TCPA",https://topclassactions.com/lawsuit-settlements/investigations/wrong-number-robocall-lawsuit/,class-action
2026-07-22T20:34:58.370884,Top Class Actions,2026-07-21,GM recalls Cadillac Vistiq SUVs over faulty third-row seats,https://topclassactions.com/lawsuit-settlements/lawsuit-news/gm-recalls-cadillac-vistiq-suvs-over-faulty-third-row-seats/,class-action
2026-07-22T20:34:58.370884,Top Class Actions,2026-07-20,Arizona Beverages sued over alleged false ‘100% Natural’ tea labels,https://topclassactions.com/lawsuit-settlements/lawsuit-news/arizona-beverages-sued-over-alleged-false-100-natural-tea-labels/,class-action
2026-07-22T20:34:58.370884,Top Class Actions,2026-07-20,$1.75M AT&T Washington wage class action settlement,https://topclassactions.com/lawsuit-settlements/open-lawsuit-settlements/1-75m-att-washington-wage-class-action-settlement/,class-action
2026-07-22T20:34:58.370884,Top Class Actions,2026-07-20,Real estate spam texts and robocalls may violate the TCPA,https://topclassactions.com/lawsuit-settlements/investigations/unsolicited-real-estate-robocalls-and-spam-texts-violate-the-tcpa/,class-action
2026-07-22T20:34:58.370884,Top Class Actions,2026-07-20,Timex class action alleges deceptive email subject lines violated Washington spam law,https://topclassactions.com/lawsuit-settlements/lawsuit-news/timex-class-action-alleges-deceptive-email-subject-lines-violated-washington-spam-law/,class-action
2026-07-22T20:34:58.370884,Top Class Actions,2026-07-20,AppFolio class action alleges hidden fees on rent payments,https://topclassactions.com/lawsuit-settlements/lawsuit-news/appfolio-class-action-alleges-hidden-fees-on-rent-payments/,class-action
2026-07-22T20:34:58.370884,Top Class Actions,2026-07-20,John Hancock voiceprint ruling highlights limits of Illinois biometric privacy law,https://topclassactions.com/lawsuit-settlements/lawsuit-news/john-hancock-voiceprint-ruling-highlights-limits-of-illinois-biometric-privacy-law/,class-action
2026-07-22T20:34:58.370884,Top Class Actions,2026-07-20,"Ford recalls more than 100,000 Mustangs due to safety concerns",https://topclassactions.com/lawsuit-settlements/lawsuit-news/ford-recalls-more-than-100000-mustangs-due-to-safety-concerns/,class-action
2026-07-22T20:34:58.370884,Top Class Actions,2026-07-17,$2.5M FitOn video privacy class action settlement,https://topclassactions.com/lawsuit-settlements/open-lawsuit-settlements/2-5m-fiton-video-privacy-class-action-settlement/,class-action
2026-07-22T20:34:58.370884,Top Class Actions,2026-07-17,"GM class action alleges coolant leak defect affects Chevrolet, GMC and Buick vehicles",https://topclassactions.com/lawsuit-settlements/lawsuit-news/gm-class-action-alleges-coolant-leak-defect-affects-chevrolet-gmc-and-buick-vehicles/,class-action
2026-07-22T20:34:58.370884,Top Class Actions,2026-07-17,Lume class action alleges ‘unscented’ deodorant contains fragrance,https://topclassactions.com/lawsuit-settlements/lawsuit-news/lume-class-action-alleges-unscented-deodorant-contains-fragrance/,class-action
2026-07-22T20:34:58.370884,Top Class Actions,2026-07-17,TikTok class action lawsuit: Did TikTok collect your child’s personal data?,https://topclassactions.com/lawsuit-settlements/investigations/tiktok-child-privacy-class-action-lawsuit-2/,class-action
2026-07-22T20:34:58.370884,Top Class Actions,2026-07-17,Match.com sued over alleged hidden paywall for Highlights feature,https://topclassactions.com/lawsuit-settlements/lawsuit-news/match-com-sued-over-alleged-hidden-paywall-for-highlights-feature/,class-action
2026-07-22T20:34:58.370884,Top Class Actions,2026-07-17,Mars Petcare recalls Pedigree dog food due to foreign materials in fraudulent resales,https://topclassactions.com/lawsuit-settlements/lawsuit-news/mars-petcare-recalls-pedigree-dog-food-due-to-foreign-materials-in-fraudulent-resales/,class-action
2026-07-22T20:34:58.370884,Top Class Actions,2026-07-16,Skims hit with wage lawsuit alleging ‘systematic’ violations,https://topclassactions.com/lawsuit-settlements/lawsuit-news/skims-hit-with-wage-lawsuit-alleging-systematic-violations/,class-action
2026-07-22T20:34:58.370884,Top Class Actions,2026-07-16,$50M Disney antitrust class action settlement,https://topclassactions.com/lawsuit-settlements/open-lawsuit-settlements/50m-disney-antitrust-class-action-settlement/,class-action
2026-07-22T20:34:58.370884,Top Class Actions,2026-07-16,Arkansas lawsuit claims Snapchat puts minors at risk through disappearing messages,https://topclassactions.com/lawsuit-settlements/lawsuit-news/arkansas-lawsuit-claims-snapchat-puts-minors-at-risk-through-disappearing-messages/,class-action
2026-07-22T20:34:58.370884,Top Class Actions,2026-07-16,TikTok class action claims data breach exposed info of 2.4B users,https://topclassactions.com/lawsuit-settlements/lawsuit-news/tiktok-class-action-claims-data-breach-exposed-info-of-2-4b-users/,class-action
2026-07-22T20:34:58.370884,Top Class Actions,2026-07-16,DraftKings class action alleges data broker software used to track website visitors,https://topclassactions.com/lawsuit-settlements/lawsuit-news/draftkings-class-action-alleges-data-broker-software-used-to-track-website-visitors/,class-action
2026-07-22T20:34:58.370884,Top Class Actions,2026-07-16,"Ford recalls over 741,000 SUVs and pickups due to rollaway risk",https://topclassactions.com/lawsuit-settlements/lawsuit-news/ford-recalls-over-741000-suvs-and-pickups-due-to-rollaway-risk/,class-action
2026-07-22T20:34:58.370884,Top Class Actions,2026-07-15,Cove USA class action alleges perpetual flash sales deceived consumers,https://topclassactions.com/lawsuit-settlements/lawsuit-news/cove-usa-class-action-alleges-perpetual-flash-sales-deceived-consumers/,class-action
2026-07-22T20:34:58.370884,Top Class Actions,2026-07-15,$2.95M STIIIZY data breach class action settlement,https://topclassactions.com/lawsuit-settlements/open-lawsuit-settlements/2-95m-stiiizy-data-breach-class-action-settlement/,class-action
2026-07-22T20:34:58.370884,Top Class Actions,2026-07-15,Class action alleges Temu used deceptive spam emails to install tracking technology,https://topclassactions.com/lawsuit-settlements/lawsuit-news/class-action-alleges-temu-used-deceptive-spam-emails-to-install-tracking-technology/,class-action
2026-07-22T20:34:58.370884,Top Class Actions,2026-07-15,Jeep 4xe battery lawsuit: Learn about your legal options,https://topclassactions.com/lawsuit-settlements/investigations/jeep-4xe-battery-defect-arbitration/,class-action
2026-07-22T20:34:58.370884,Top Class Actions,2026-07-15,Popflex sued over alleged deceptive checkout tactics and hidden fees,https://topclassactions.com/lawsuit-settlements/lawsuit-news/popflex-sued-over-alleged-deceptive-checkout-tactics-and-hidden-fees/,class-action
2026-07-22T20:34:58.370884,Top Class Actions,2026-07-15,Roblox addiction lawsuit – parents may qualify for compensation,https://topclassactions.com/lawsuit-settlements/investigations/roblox-addiction-class-action-lawsuit/,class-action
2026-07-22T20:34:58.370884,Top Class Actions,2026-07-15,Cash App parent Block to pay $45M to settle states’ fraud protection claims,https://topclassactions.com/lawsuit-settlements/lawsuit-news/cash-app-parent-block-to-pay-45m-to-settle-states-fraud-protection-claims/,class-action
2026-07-22T20:34:58.370884,Top Class Actions,2026-07-15,"Land Rover recalls Defender, Discovery and Range Rover vehicles due to airbag issue",https://topclassactions.com/lawsuit-settlements/lawsuit-news/land-rover-recalls-defender-discovery-and-range-rover-vehicles-due-to-airbag-issue/,class-action
2026-07-22T20:34:58.370884,Top Class Actions,2026-07-15,Wage theft lawsuit investigation: Are you owed unpaid overtime?,https://topclassactions.com/lawsuit-settlements/investigations/wage-theft-lawsuit-investigation-are-you-owed-unpaid-overtime/,class-action
2026-07-27T13:41:31.032449,CPSC Recall,2026-07-23T00:00:00,12-Drawer Fabric Dressers Recalled Due to Risk of Serious Injury or Death from Tip-Over and Entrapment Hazards; Violate Mandatory Standard for Clothing Storage Units; Sold on Amazon by Romorgniz,https://www.cpsc.gov/Recalls/2026/12-Drawer-Fabric-Dressers-Recalled-Due-to-Risk-of-Serious-Injury-or-Death-from-Tip-Over-and-Entrapment-Hazards-Violate-Mandatory-Standard-for-Clothing-Storage-Units-Sold-on-Amazon-by-Romorgniz,fatality-linked
2026-07-27T13:41:31.032449,CPSC Recall,2026-07-23T00:00:00,Aojieni Silicone Recalls Sili Factory Pull String Teething Toys Due to Risk of Serious Injury or Death from Choking; Violate Mandatory Standard for Toys,https://www.cpsc.gov/Recalls/2026/Aojieni-Silicone-Recalls-Sili-Factory-Pull-String-Teething-Toys-Due-to-Risk-of-Serious-Injury-or-Death-from-Choking-Violate-Mandatory-Standard-for-Toys,fatality-linked
2026-07-27T13:41:31.032449,CPSC Recall,2026-07-23T00:00:00,CuddleCubs Creations Teething Toy Sets Recalled Due to Risk of Serious Injury or Death from Choking; Violate Mandatory Standard for Toys; Sold on Amazon by YouRfocus,https://www.cpsc.gov/Recalls/2026/CuddleCubs-Creations-Teething-Toy-Sets-Recalled-Due-to-Risk-of-Serious-Injury-or-Death-from-Choking-Violate-Mandatory-Standard-for-Toys-Sold-on-Amazon-by-YouRfocus,fatality-linked
2026-07-27T13:41:31.032449,CPSC Recall,2026-07-23T00:00:00,EnHomee 9-Drawer Fabric Dressers Recalled Due to Risk of Serious Injury or Death from Tip-Over and Entrapment Hazards; Violates Mandatory Standard for Clothing Storage Units; Sold on Walmart.com by Raybee-Direct,https://www.cpsc.gov/Recalls/2026/EnHomee-9-Drawer-Fabric-Dressers-Recalled-Due-to-Risk-of-Serious-Injury-or-Death-from-Tip-Over-and-Entrapment-Hazards-Violates-Mandatory-Standard-for-Clothing-Storage-Units-Sold-on-Walmart-com-by-Raybee-Direct,fatality-linked
2026-07-27T13:41:31.032449,CPSC Recall,2026-07-23T00:00:00,OeyUoc Pool Drain Covers Recalled Due to Risk of Serious Injury or Death from Entrapment and Drowning Hazards; Violate Virginia Graeme Baker Pool & Spa Safety Act; Sold Exclusively on Amazon by Yuanxinxiang,https://www.cpsc.gov/Recalls/2026/OeyUoc-Pool-Drain-Covers-Recalled-Due-to-Risk-of-Serious-Injury-or-Death-from-Entrapment-and-Drowning-Hazards-Violate-Virginia-Graeme-Baker-Pool-Spa-Safety-Act-Sold-Exclusively-on-Amazon-by-Yuanxinxiang,fatality-linked
2026-07-27T13:41:31.032449,CPSC Recall,2026-07-23T00:00:00,Peony Design Recalls Personalized Baby Bibs and Stroller Bags Due to Risk of Serious Injury or Death from Choking Hazard,https://www.cpsc.gov/Recalls/2026/Peony-Design-Recalls-Personalized-Baby-Bibs-and-Stroller-Bags-Due-to-Risk-of-Serious-Injury-or-Death-from-Choking-Hazard,fatality-linked
2026-07-27T13:41:31.032449,CPSC Recall,2026-07-23T00:00:00,Sviyatp Pool Drain Covers Recalled Due to Risk of Serious Injury or Death from Entrapment and Drowning Hazards; Violate Virginia Graeme Baker Pool & Spa Safety Act,https://www.cpsc.gov/Recalls/2026/Sviyatp-Pool-Drain-Covers-Recalled-Due-to-Risk-of-Serious-Injury-or-Death-from-Entrapment-and-Drowning-Hazards-Violate-Virginia-Graeme-Baker-Pool-Spa-Safety-Act,fatality-linked
2026-07-27T13:41:31.032449,CPSC Recall,2000-07-20T00:00:00,Oil Burning Candles Recalled by Target,https://www.cpsc.gov/Recalls/2000/Oil-Burning-Candles-Recalled-by-Target,
2026-07-27T13:41:31.032449,CPSC Recall,2000-07-20T00:00:00,Teethers Recalled by Manhattan Group LLC,https://www.cpsc.gov/Recalls/2000/Teethers-Recalled-by-Manhattan-Group-LLC,
2026-07-27T13:41:31.032449,CPSC Recall,2000-07-12T00:00:00,"CPSC, Dollar Tree Stores Inc. Announce Recall of Doll Feeding Sets",https://www.cpsc.gov/Recalls/2000/CPSC-Dollar-Tree-Stores-Inc-Announce-Recall-of-Doll-Feeding-Sets,
2026-07-27T13:41:31.032449,CPSC Recall,2000-07-11T00:00:00,"CPSC, Appliance Co. of America Announce Recall of Toaster Ovens",https://www.cpsc.gov/Recalls/2000/CPSC-Appliance-Co-of-America-Announce-Recall-of-Toaster-Ovens,
2026-07-27T13:41:31.032449,CPSC Recall,2000-07-06T00:00:00,"CPSC, The First Years Inc. Announce Recall to Replace ""Elmo Nitelights""",https://www.cpsc.gov/Recalls/2000/CPSC-The-First-Years-Inc-Announce-Recall-to-Replace-Elmo-Nitelights,
2026-07-27T13:41:31.032449,CPSC Recall,2000-07-05T00:00:00,"CPSC, Burley Design Cooperative Announce Recall to Repair Burely-Bravo™ Bicycle Trailers",https://www.cpsc.gov/Recalls/2000/CPSC-Burley-Design-Cooperative-Announce-Recall-to-Repair-Burely-Bravo-Bicycle-Trailers,
2026-07-27T13:41:31.032449,CPSC Recall,2000-07-05T00:00:00,"CPSC, Cycle Express Inc. Announce Recall of Bicycle Helmets",https://www.cpsc.gov/Recalls/2000/CPSC-Cycle-Express-Inc-Announce-Recall-of-Bicycle-Helmets,
2026-07-27T13:41:31.032449,CPSC Recall,2000-07-05T00:00:00,"CPSC, Rand International Announce Recall of Bicycle Helmets",https://www.cpsc.gov/Recalls/2000/CPSC-Rand-International-Announce-Recall-of-Bicycle-Helmets,
2026-07-27T13:41:31.032449,CPSC Recall,2000-06-29T00:00:00,"CPSC, Kellogg Company Announce Recall of Toy Cars Inside Boxes of Cereal",https://www.cpsc.gov/Recalls/2000/CPSC-Kellogg-Company-Announce-Recall-of-Toy-Cars-Inside-Boxes-of-Cereal,
2026-07-27T13:41:31.032449,SEC 8-K (Item 8.01: internal investigation),2026-07-22,NEOGENOMICS INC  (NEO)  (CIK 0001077183) — Item 8.01 8-K referencing 'internal investigation',https://www.sec.gov/Archives/edgar/data/1077183/000107718326000049/neo-20260720.htm,
2026-07-27T13:41:31.032449,SEC 8-K (Item 8.01: internal investigation),2026-07-20,NEOGENOMICS INC  (NEO)  (CIK 0001077183) — Item 8.01 8-K referencing 'internal investigation',https://www.sec.gov/Archives/edgar/data/1077183/000107718326000045/neo-20260720.htm,
2026-07-27T13:41:31.032449,Marler Blog (food safety plaintiff bar),2026-07-27,Phyllis Entis Asked Why CDC’s Cyclospora Curve Has Two Peaks. A Parasite That Cannot Spread Person to Person Leaves Questions.,https://www.marlerblog.com/case-news/phyllis-entis-asked-why-cdcs-cyclospora-curve-has-two-peaks-a-parasite-that-cannot-spread-person-to-person-leaves-questions/,multi-state
2026-07-27T13:41:31.032449,Marler Blog (food safety plaintiff bar),2026-07-26,Four Nurses and Three Epidemiologists Are Counting 710 Cyclospora Cases in One Michigan County.,https://www.marlerblog.com/case-news/four-nurses-and-three-epidemiologists-are-counting-710-cyclospora-cases-in-one-michigan-county/,fatality-linked
2026-07-27T13:41:31.032449,Marler Blog (food safety plaintiff bar),2026-07-26,There Is No Kill Step for Cyclospora. That Is the Message I Am Taking to IAFP.,https://www.marlerblog.com/case-news/there-is-no-kill-step-for-cyclospora-that-is-the-message-i-am-taking-to-iafp/,fatality-linked
2026-07-27T13:41:31.032449,Marler Blog (food safety plaintiff bar),2026-07-25,CDC’s Own Model Cannot Rule Out a Million Cyclospora Cases. Cut That by Ninety Percent and It Is Still Ten Times a Normal Year.,https://www.marlerblog.com/case-news/cdcs-own-model-cannot-rule-out-a-million-cyclospora-cases-cut-that-by-ninety-percent-and-it-is-still-ten-times-a-normal-year/,fatality-linked
2026-07-27T13:41:31.032449,Marler Blog (food safety plaintiff bar),2026-07-25,Weekend Wrap-Up: The Agencies Caught Up to the Reporters — and the Cyclospora Outbreak Got Six Weeks Shorter,https://www.marlerblog.com/case-news/weekend-wrap-up-the-agencies-caught-up-to-the-reporters-and-the-cyclospora-outbreak-got-six-weeks-shorter/,fatality-linked
2026-07-27T13:41:31.032449,Marler Blog (food safety plaintiff bar),2026-07-25,Midwest Poultry’s Eggs Sickened 98 with Salmonella. We Already Vaccinate the Hens. It Still Took Seven Months.,https://www.marlerblog.com/case-news/midwest-poultrys-eggs-sickened-98-with-salmonella-britain-vaccinates-its-hens-we-dont/,multi-state; fatality-linked
2026-07-27T13:41:31.032449,Marler Blog (food safety plaintiff bar),2026-07-24,"So much for MAHA – Salmonella Outbreak linked to 19,074,924 Recalled Eggs in 17 States",https://www.marlerblog.com/case-news/so-much-for-maha-salmonella-outbreak-linked-to-19074924-recalled-eggs-in-17-states/,multi-state; fatality-linked
2026-07-27T13:41:31.032449,Marler Blog (food safety plaintiff bar),2026-07-24,"Is the Washington Post the New CDC? Nine Cyclospora States This Morning, Five on the Government’s Map.",https://www.marlerblog.com/case-news/is-the-washington-post-the-new-cdc-nine-cyclospora-states-this-morning-five-on-the-governments-map/,
2026-07-27T13:41:31.032449,Marler Blog (food safety plaintiff bar),2026-07-24,"Taylor Farms, 2009 to 2026: The Outbreaks, and the Recalls That Did and Did Not Follow",https://www.marlerblog.com/case-news/taylor-farms-2009-to-2026-the-outbreaks-and-the-recalls-that-did-and-did-not-follow/,multi-state; fatality-linked; WATCHLIST:Apple
2026-07-27T13:41:31.032449,Marler Blog (food safety plaintiff bar),2026-07-23,CDC Confirmed the Taco Bell Link to Taylor Farms Cyclospora Tainted Lettuce. Whether the Same Lettuce Explains the Other Thirty-Seven States Is Still an Open Question.,https://www.marlerblog.com/case-news/cdc-confirmed-the-taco-bell-link-to-taylor-farms-cyclospora-tainted-lettuce-whether-the-same-lettuce-explains-the-other-thirty-seven-states-is-still-an-open-question/,
2026-07-27T13:41:31.032449,Top Class Actions,2026-07-27,Taylor Farms recalls iceberg lettuce amid cyclospora outbreak tied to Taco Bell,https://topclassactions.com/lawsuit-settlements/lawsuit-news/taylor-farms-recalls-iceberg-lettuce-amid-cyclospora-outbreak-tied-to-taco-bell/,multi-state; class-action
2026-07-27T13:41:31.032449,Top Class Actions,2026-07-25,Were You Charged Deceptive Fees by T-Mobile?,https://topclassactions.com/lawsuit-settlements/investigations/t-mobile-deceptive-fees-legal-action/,class-action
2026-07-27T13:41:31.032449,Top Class Actions,2026-07-24,Fortnite addiction lawsuit: Did excessive gaming harm your child?,https://topclassactions.com/lawsuit-settlements/investigations/fortnite-child-addict-class-action-lawsuit/,class-action
2026-07-27T13:41:31.032449,Top Class Actions,2026-07-24,"FedEx, Kroger, UPS, Home Depot class actions allege unpaid wages",https://topclassactions.com/lawsuit-settlements/lawsuit-news/fedex-kroger-ups-home-depot-class-actions-allege-unpaid-wages/,class-action
2026-07-27T13:41:31.032449,Top Class Actions,2026-07-24,$2.4M Guitar Center wage and hour violations class action settlement,https://topclassactions.com/lawsuit-settlements/open-lawsuit-settlements/2-4m-guitar-center-wage-and-hour-violations-class-action-settlement/,class-action
2026-07-27T13:41:31.032449,Top Class Actions,2026-07-24,Class actions target toothpaste makers over sodium lauryl risks,https://topclassactions.com/lawsuit-settlements/lawsuit-news/class-actions-target-toothpaste-makers-over-sodium-lauryl-risks/,class-action
2026-07-27T13:41:31.032449,Top Class Actions,2026-07-24,First National Bank sued over alleged unlawful debt collection communications,https://topclassactions.com/lawsuit-settlements/lawsuit-news/first-national-bank-sued-over-alleged-unlawful-debt-collection-communications/,class-action
2026-07-27T13:41:31.032449,Top Class Actions,2026-07-24,Stanley Black & Decker hit with class action over alleged tariff pricing scheme,https://topclassactions.com/lawsuit-settlements/lawsuit-news/stanley-black-decker-hit-with-class-action-over-alleged-tariff-pricing-scheme/,class-action
2026-07-27T13:41:31.032449,Top Class Actions,2026-07-23,Nissan class action claims company failed to protect employee data in Oracle breach,https://topclassactions.com/lawsuit-settlements/lawsuit-news/nissan-class-action-claims-company-failed-to-protect-employee-data-in-oracle-breach/,class-action
2026-07-27T13:41:31.032449,Top Class Actions,2026-07-23,$3M Aidvantage TCPA class action settlement,https://topclassactions.com/lawsuit-settlements/open-lawsuit-settlements/3m-aidvantage-tcpa-class-action-settlement/,class-action
2026-07-27T13:41:31.032449,Top Class Actions,2026-07-23,Waffle House class action alleges illegal tobacco surcharge on company health insurance,https://topclassactions.com/lawsuit-settlements/lawsuit-news/waffle-house-class-action-alleges-illegal-tobacco-surcharge-on-company-health-insurance/,class-action
2026-07-27T13:41:31.032449,Top Class Actions,2026-07-23,Judge tosses Amazon class action over alleged Audible auto-enrollment,https://topclassactions.com/lawsuit-settlements/lawsuit-news/judge-tosses-amazon-class-action-over-alleged-audible-auto-enrollment/,class-action
2026-07-27T13:41:31.032449,Top Class Actions,2026-07-23,Google faces bid to certify class action over alleged tax data tracking,https://topclassactions.com/lawsuit-settlements/lawsuit-news/google-faces-bid-to-certify-class-action-over-alleged-tax-data-tracking/,multi-state; class-action
2026-07-27T13:41:31.032449,Top Class Actions,2026-07-23,Conair recalls Cuisinart 3-in-1 grill with pizza oven due to glass laceration hazard,https://topclassactions.com/lawsuit-settlements/lawsuit-news/conair-recalls-cuisinart-3-in-1-grill-with-pizza-oven-due-to-glass-laceration-hazard/,class-action
2026-07-27T13:41:31.032449,Top Class Actions,2026-07-22,$2.2M Equifax credit reporting class action settlement,https://topclassactions.com/lawsuit-settlements/open-lawsuit-settlements/2-2m-equifax-credit-reporting-class-action-settlement/,class-action
2026-07-27T13:41:31.032449,Top Class Actions,2026-07-22,Kia class action alleges Telluride SUVs have severe battery drain defect,https://topclassactions.com/lawsuit-settlements/lawsuit-news/kia-class-action-alleges-telluride-suvs-have-severe-battery-drain-defect/,class-action
2026-07-27T13:41:31.032449,Top Class Actions,2026-07-22,Two Google class actions claim Nest cameras scan passersby’s faces without consent,https://topclassactions.com/lawsuit-settlements/lawsuit-news/two-google-class-actions-claim-nest-cameras-scan-passersbys-faces-without-consent/,class-action
2026-07-27T13:41:31.032449,Top Class Actions,2026-07-22,Gaming addiction: Apple Arcade lawsuit investigation,https://topclassactions.com/lawsuit-settlements/investigations/apple-arcade-addicting-games-class-action-lawsuit-investigation/,class-action; WATCHLIST:Apple
2026-07-27T13:41:31.032449,Top Class Actions,2026-07-22,"UPS class action alleges company failed to provide meal, rest breaks",https://topclassactions.com/lawsuit-settlements/lawsuit-news/ups-class-action-alleges-company-failed-to-provide-meal-rest-breaks/,class-action
2026-07-27T13:41:31.032449,Top Class Actions,2026-07-22,"Kia recalls more than 460K Telluride vehicles, issues park outside alert",https://topclassactions.com/lawsuit-settlements/lawsuit-news/kia-recalls-more-than-460k-telluride-vehicles-issues-park-outside-alert/,class-action
2026-07-27T13:41:31.032449,Top Class Actions,2026-07-21,How legal intake can impact the outcome of legal marketing,https://topclassactions.com/attorney-marketing/how-legal-intake-can-impact-the-outcome-of-legal-marketing/,class-action
2026-07-27T13:41:31.032449,Top Class Actions,2026-07-21,$1.8M Serviceaide data breach class action settlement,https://topclassactions.com/lawsuit-settlements/open-lawsuit-settlements/1-8m-serviceaide-data-breach-class-action-settlement/,class-action
2026-07-27T13:41:31.032449,Top Class Actions,2026-07-21,Costco class action claims Orgain protein powder contains heavy metals,https://topclassactions.com/lawsuit-settlements/lawsuit-news/costco-class-action-claims-orgain-protein-powder-contains-heavy-metals/,class-action
2026-07-27T13:41:31.032449,Top Class Actions,2026-07-21,Apple faces BIPA class action over alleged Face ID privacy violations,https://topclassactions.com/lawsuit-settlements/lawsuit-news/apple-faces-bipa-class-action-over-alleged-face-id-privacy-violations/,class-action; WATCHLIST:Apple
2026-07-27T13:41:31.032449,Top Class Actions,2026-07-21,Supreme Court limits Roundup lawsuits as Bayer settlement continues,https://topclassactions.com/lawsuit-settlements/lawsuit-news/supreme-court-limits-roundup-lawsuits-as-bayer-settlement-continues/,class-action
2026-07-27T13:41:31.032449,Top Class Actions,2026-07-21,"Cellphone wrong-number robocalls could be worth $500-$1,500 per violation of the federal TCPA",https://topclassactions.com/lawsuit-settlements/investigations/wrong-number-robocall-lawsuit/,class-action
2026-07-27T13:41:31.032449,Top Class Actions,2026-07-21,GM recalls Cadillac Vistiq SUVs over faulty third-row seats,https://topclassactions.com/lawsuit-settlements/lawsuit-news/gm-recalls-cadillac-vistiq-suvs-over-faulty-third-row-seats/,class-action
2026-07-27T13:41:31.032449,Top Class Actions,2026-07-20,Arizona Beverages sued over alleged false ‘100% Natural’ tea labels,https://topclassactions.com/lawsuit-settlements/lawsuit-news/arizona-beverages-sued-over-alleged-false-100-natural-tea-labels/,class-action
2026-07-27T13:41:31.032449,Top Class Actions,2026-07-20,$1.75M AT&T Washington wage class action settlement,https://topclassactions.com/lawsuit-settlements/open-lawsuit-settlements/1-75m-att-washington-wage-class-action-settlement/,class-action
2026-07-27T13:41:31.032449,Top Class Actions,2026-07-20,Real estate spam texts and robocalls may violate the TCPA,https://topclassactions.com/lawsuit-settlements/investigations/unsolicited-real-estate-robocalls-and-spam-texts-violate-the-tcpa/,class-action
2026-07-27T13:41:31.032449,Top Class Actions,2026-07-20,Timex class action alleges deceptive email subject lines violated Washington spam law,https://topclassactions.com/lawsuit-settlements/lawsuit-news/timex-class-action-alleges-deceptive-email-subject-lines-violated-washington-spam-law/,class-action
2026-07-27T13:41:31.032449,Top Class Actions,2026-07-20,AppFolio class action alleges hidden fees on rent payments,https://topclassactions.com/lawsuit-settlements/lawsuit-news/appfolio-class-action-alleges-hidden-fees-on-rent-payments/,class-action
2026-07-27T13:41:31.032449,Top Class Actions,2026-07-20,John Hancock voiceprint ruling highlights limits of Illinois biometric privacy law,https://topclassactions.com/lawsuit-settlements/lawsuit-news/john-hancock-voiceprint-ruling-highlights-limits-of-illinois-biometric-privacy-law/,class-action
2026-07-27T13:41:31.032449,Top Class Actions,2026-07-20,"Ford recalls more than 100,000 Mustangs due to safety concerns",https://topclassactions.com/lawsuit-settlements/lawsuit-news/ford-recalls-more-than-100000-mustangs-due-to-safety-concerns/,class-action
2026-07-27T17:59:38.445885,CPSC Recall,2026-07-23T00:00:00,12-Drawer Fabric Dressers Recalled Due to Risk of Serious Injury or Death from Tip-Over and Entrapment Hazards; Violate Mandatory Standard for Clothing Storage Units; Sold on Amazon by Romorgniz,https://www.cpsc.gov/Recalls/2026/12-Drawer-Fabric-Dressers-Recalled-Due-to-Risk-of-Serious-Injury-or-Death-from-Tip-Over-and-Entrapment-Hazards-Violate-Mandatory-Standard-for-Clothing-Storage-Units-Sold-on-Amazon-by-Romorgniz,fatality-linked
2026-07-27T17:59:38.445885,CPSC Recall,2026-07-23T00:00:00,Aojieni Silicone Recalls Sili Factory Pull String Teething Toys Due to Risk of Serious Injury or Death from Choking; Violate Mandatory Standard for Toys,https://www.cpsc.gov/Recalls/2026/Aojieni-Silicone-Recalls-Sili-Factory-Pull-String-Teething-Toys-Due-to-Risk-of-Serious-Injury-or-Death-from-Choking-Violate-Mandatory-Standard-for-Toys,fatality-linked
2026-07-27T17:59:38.445885,CPSC Recall,2026-07-23T00:00:00,CuddleCubs Creations Teething Toy Sets Recalled Due to Risk of Serious Injury or Death from Choking; Violate Mandatory Standard for Toys; Sold on Amazon by YouRfocus,https://www.cpsc.gov/Recalls/2026/CuddleCubs-Creations-Teething-Toy-Sets-Recalled-Due-to-Risk-of-Serious-Injury-or-Death-from-Choking-Violate-Mandatory-Standard-for-Toys-Sold-on-Amazon-by-YouRfocus,fatality-linked
2026-07-27T17:59:38.445885,CPSC Recall,2026-07-23T00:00:00,EnHomee 9-Drawer Fabric Dressers Recalled Due to Risk of Serious Injury or Death from Tip-Over and Entrapment Hazards; Violates Mandatory Standard for Clothing Storage Units; Sold on Walmart.com by Raybee-Direct,https://www.cpsc.gov/Recalls/2026/EnHomee-9-Drawer-Fabric-Dressers-Recalled-Due-to-Risk-of-Serious-Injury-or-Death-from-Tip-Over-and-Entrapment-Hazards-Violates-Mandatory-Standard-for-Clothing-Storage-Units-Sold-on-Walmart-com-by-Raybee-Direct,fatality-linked
2026-07-27T17:59:38.445885,CPSC Recall,2026-07-23T00:00:00,OeyUoc Pool Drain Covers Recalled Due to Risk of Serious Injury or Death from Entrapment and Drowning Hazards; Violate Virginia Graeme Baker Pool & Spa Safety Act; Sold Exclusively on Amazon by Yuanxinxiang,https://www.cpsc.gov/Recalls/2026/OeyUoc-Pool-Drain-Covers-Recalled-Due-to-Risk-of-Serious-Injury-or-Death-from-Entrapment-and-Drowning-Hazards-Violate-Virginia-Graeme-Baker-Pool-Spa-Safety-Act-Sold-Exclusively-on-Amazon-by-Yuanxinxiang,fatality-linked
2026-07-27T17:59:38.445885,CPSC Recall,2026-07-23T00:00:00,Peony Design Recalls Personalized Baby Bibs and Stroller Bags Due to Risk of Serious Injury or Death from Choking Hazard,https://www.cpsc.gov/Recalls/2026/Peony-Design-Recalls-Personalized-Baby-Bibs-and-Stroller-Bags-Due-to-Risk-of-Serious-Injury-or-Death-from-Choking-Hazard,fatality-linked
2026-07-27T17:59:38.445885,CPSC Recall,2026-07-23T00:00:00,Sviyatp Pool Drain Covers Recalled Due to Risk of Serious Injury or Death from Entrapment and Drowning Hazards; Violate Virginia Graeme Baker Pool & Spa Safety Act,https://www.cpsc.gov/Recalls/2026/Sviyatp-Pool-Drain-Covers-Recalled-Due-to-Risk-of-Serious-Injury-or-Death-from-Entrapment-and-Drowning-Hazards-Violate-Virginia-Graeme-Baker-Pool-Spa-Safety-Act,fatality-linked
2026-07-27T17:59:38.445885,CPSC Recall,2000-07-20T00:00:00,Oil Burning Candles Recalled by Target,https://www.cpsc.gov/Recalls/2000/Oil-Burning-Candles-Recalled-by-Target,
2026-07-27T17:59:38.445885,CPSC Recall,2000-07-20T00:00:00,Teethers Recalled by Manhattan Group LLC,https://www.cpsc.gov/Recalls/2000/Teethers-Recalled-by-Manhattan-Group-LLC,
2026-07-27T17:59:38.445885,CPSC Recall,2000-07-12T00:00:00,"CPSC, Dollar Tree Stores Inc. Announce Recall of Doll Feeding Sets",https://www.cpsc.gov/Recalls/2000/CPSC-Dollar-Tree-Stores-Inc-Announce-Recall-of-Doll-Feeding-Sets,
2026-07-27T17:59:38.445885,CPSC Recall,2000-07-11T00:00:00,"CPSC, Appliance Co. of America Announce Recall of Toaster Ovens",https://www.cpsc.gov/Recalls/2000/CPSC-Appliance-Co-of-America-Announce-Recall-of-Toaster-Ovens,
2026-07-27T17:59:38.445885,CPSC Recall,2000-07-06T00:00:00,"CPSC, The First Years Inc. Announce Recall to Replace ""Elmo Nitelights""",https://www.cpsc.gov/Recalls/2000/CPSC-The-First-Years-Inc-Announce-Recall-to-Replace-Elmo-Nitelights,
2026-07-27T17:59:38.445885,CPSC Recall,2000-07-05T00:00:00,"CPSC, Burley Design Cooperative Announce Recall to Repair Burely-Bravo™ Bicycle Trailers",https://www.cpsc.gov/Recalls/2000/CPSC-Burley-Design-Cooperative-Announce-Recall-to-Repair-Burely-Bravo-Bicycle-Trailers,
2026-07-27T17:59:38.445885,CPSC Recall,2000-07-05T00:00:00,"CPSC, Cycle Express Inc. Announce Recall of Bicycle Helmets",https://www.cpsc.gov/Recalls/2000/CPSC-Cycle-Express-Inc-Announce-Recall-of-Bicycle-Helmets,
2026-07-27T17:59:38.445885,CPSC Recall,2000-07-05T00:00:00,"CPSC, Rand International Announce Recall of Bicycle Helmets",https://www.cpsc.gov/Recalls/2000/CPSC-Rand-International-Announce-Recall-of-Bicycle-Helmets,
2026-07-27T17:59:38.445885,CPSC Recall,2000-06-29T00:00:00,"CPSC, Kellogg Company Announce Recall of Toy Cars Inside Boxes of Cereal",https://www.cpsc.gov/Recalls/2000/CPSC-Kellogg-Company-Announce-Recall-of-Toy-Cars-Inside-Boxes-of-Cereal,
2026-07-27T17:59:38.445885,SEC 8-K (Item 8.01: internal investigation),2026-07-22,NEOGENOMICS INC  (NEO)  (CIK 0001077183) — Item 8.01 8-K referencing 'internal investigation',https://www.sec.gov/Archives/edgar/data/1077183/000107718326000049/neo-20260720.htm,
2026-07-27T17:59:38.445885,SEC 8-K (Item 8.01: internal investigation),2026-07-20,NEOGENOMICS INC  (NEO)  (CIK 0001077183) — Item 8.01 8-K referencing 'internal investigation',https://www.sec.gov/Archives/edgar/data/1077183/000107718326000045/neo-20260720.htm,
2026-07-27T17:59:38.445885,Marler Blog (food safety plaintiff bar),2026-07-27,Phyllis Entis Asked Why CDC’s Cyclospora Curve Has Two Peaks. A Parasite That Cannot Spread Person to Person Leaves Questions.,https://www.marlerblog.com/case-news/phyllis-entis-asked-why-cdcs-cyclospora-curve-has-two-peaks-a-parasite-that-cannot-spread-person-to-person-leaves-questions/,multi-state
2026-07-27T17:59:38.445885,Marler Blog (food safety plaintiff bar),2026-07-26,Four Nurses and Three Epidemiologists Are Counting 710 Cyclospora Cases in One Michigan County.,https://www.marlerblog.com/case-news/four-nurses-and-three-epidemiologists-are-counting-710-cyclospora-cases-in-one-michigan-county/,fatality-linked
2026-07-27T17:59:38.445885,Marler Blog (food safety plaintiff bar),2026-07-26,There Is No Kill Step for Cyclospora. That Is the Message I Am Taking to IAFP.,https://www.marlerblog.com/case-news/there-is-no-kill-step-for-cyclospora-that-is-the-message-i-am-taking-to-iafp/,fatality-linked
2026-07-27T17:59:38.445885,Marler Blog (food safety plaintiff bar),2026-07-25,CDC’s Own Model Cannot Rule Out a Million Cyclospora Cases. Cut That by Ninety Percent and It Is Still Ten Times a Normal Year.,https://www.marlerblog.com/case-news/cdcs-own-model-cannot-rule-out-a-million-cyclospora-cases-cut-that-by-ninety-percent-and-it-is-still-ten-times-a-normal-year/,fatality-linked
2026-07-27T17:59:38.445885,Marler Blog (food safety plaintiff bar),2026-07-25,Weekend Wrap-Up: The Agencies Caught Up to the Reporters — and the Cyclospora Outbreak Got Six Weeks Shorter,https://www.marlerblog.com/case-news/weekend-wrap-up-the-agencies-caught-up-to-the-reporters-and-the-cyclospora-outbreak-got-six-weeks-shorter/,fatality-linked
2026-07-27T17:59:38.445885,Marler Blog (food safety plaintiff bar),2026-07-25,Midwest Poultry’s Eggs Sickened 98 with Salmonella. We Already Vaccinate the Hens. It Still Took Seven Months.,https://www.marlerblog.com/case-news/midwest-poultrys-eggs-sickened-98-with-salmonella-britain-vaccinates-its-hens-we-dont/,multi-state; fatality-linked
2026-07-27T17:59:38.445885,Marler Blog (food safety plaintiff bar),2026-07-24,"So much for MAHA – Salmonella Outbreak linked to 19,074,924 Recalled Eggs in 17 States",https://www.marlerblog.com/case-news/so-much-for-maha-salmonella-outbreak-linked-to-19074924-recalled-eggs-in-17-states/,multi-state; fatality-linked
2026-07-27T17:59:38.445885,Marler Blog (food safety plaintiff bar),2026-07-24,"Is the Washington Post the New CDC? Nine Cyclospora States This Morning, Five on the Government’s Map.",https://www.marlerblog.com/case-news/is-the-washington-post-the-new-cdc-nine-cyclospora-states-this-morning-five-on-the-governments-map/,
2026-07-27T17:59:38.445885,Marler Blog (food safety plaintiff bar),2026-07-24,"Taylor Farms, 2009 to 2026: The Outbreaks, and the Recalls That Did and Did Not Follow",https://www.marlerblog.com/case-news/taylor-farms-2009-to-2026-the-outbreaks-and-the-recalls-that-did-and-did-not-follow/,multi-state; fatality-linked; WATCHLIST:Apple
2026-07-27T17:59:38.445885,Marler Blog (food safety plaintiff bar),2026-07-23,CDC Confirmed the Taco Bell Link to Taylor Farms Cyclospora Tainted Lettuce. Whether the Same Lettuce Explains the Other Thirty-Seven States Is Still an Open Question.,https://www.marlerblog.com/case-news/cdc-confirmed-the-taco-bell-link-to-taylor-farms-cyclospora-tainted-lettuce-whether-the-same-lettuce-explains-the-other-thirty-seven-states-is-still-an-open-question/,
2026-07-27T17:59:38.445885,Top Class Actions,2026-07-27,Meta class actions alleging pump-and-dump ad scheme dismissed,https://topclassactions.com/lawsuit-settlements/lawsuit-news/meta-class-actions-alleging-pump-and-dump-ad-scheme-dismissed/,class-action
2026-07-27T17:59:38.445885,Top Class Actions,2026-07-27,$450K Stanford Federal Credit Union NSF fee class action settlement,https://topclassactions.com/lawsuit-settlements/open-lawsuit-settlements/450k-stanford-federal-credit-union-nsf-fee-class-action-settlement/,class-action
2026-07-27T17:59:38.445885,Top Class Actions,2026-07-27,$1.5B Anthropic settlement resolves AI training lawsuit,https://topclassactions.com/lawsuit-settlements/lawsuit-news/1-5b-anthropic-settlement-resolves-ai-training-lawsuit/,class-action
2026-07-27T17:59:38.445885,Top Class Actions,2026-07-27,"Consumers sue Taylor Farms, Taco Bell over cyclospora outbreak",https://topclassactions.com/lawsuit-settlements/lawsuit-news/consumers-sue-taylor-farms-taco-bell-over-cyclospora-outbreak/,class-action
2026-07-27T17:59:38.445885,Top Class Actions,2026-07-27,Evenflo recalls over 59K child car seats due to headrest safety concerns,https://topclassactions.com/lawsuit-settlements/lawsuit-news/evenflo-recalls-over-59k-child-car-seats-due-to-headrest-safety-concerns/,class-action
2026-07-27T17:59:38.445885,Top Class Actions,2026-07-27,Taylor Farms recalls iceberg lettuce amid cyclospora outbreak tied to Taco Bell,https://topclassactions.com/lawsuit-settlements/lawsuit-news/taylor-farms-recalls-iceberg-lettuce-amid-cyclospora-outbreak-tied-to-taco-bell/,multi-state; class-action
2026-07-27T17:59:38.445885,Top Class Actions,2026-07-25,Were You Charged Deceptive Fees by T-Mobile?,https://topclassactions.com/lawsuit-settlements/investigations/t-mobile-deceptive-fees-legal-action/,class-action
2026-07-27T17:59:38.445885,Top Class Actions,2026-07-24,Fortnite addiction lawsuit: Did excessive gaming harm your child?,https://topclassactions.com/lawsuit-settlements/investigations/fortnite-child-addict-class-action-lawsuit/,class-action
2026-07-27T17:59:38.445885,Top Class Actions,2026-07-24,"FedEx, Kroger, UPS, Home Depot class actions allege unpaid wages",https://topclassactions.com/lawsuit-settlements/lawsuit-news/fedex-kroger-ups-home-depot-class-actions-allege-unpaid-wages/,class-action
2026-07-27T17:59:38.445885,Top Class Actions,2026-07-24,$2.4M Guitar Center wage and hour violations class action settlement,https://topclassactions.com/lawsuit-settlements/open-lawsuit-settlements/2-4m-guitar-center-wage-and-hour-violations-class-action-settlement/,class-action
2026-07-27T17:59:38.445885,Top Class Actions,2026-07-24,Class actions target toothpaste makers over sodium lauryl risks,https://topclassactions.com/lawsuit-settlements/lawsuit-news/class-actions-target-toothpaste-makers-over-sodium-lauryl-risks/,class-action
2026-07-27T17:59:38.445885,Top Class Actions,2026-07-24,First National Bank sued over alleged unlawful debt collection communications,https://topclassactions.com/lawsuit-settlements/lawsuit-news/first-national-bank-sued-over-alleged-unlawful-debt-collection-communications/,class-action
2026-07-27T17:59:38.445885,Top Class Actions,2026-07-24,Stanley Black & Decker hit with class action over alleged tariff pricing scheme,https://topclassactions.com/lawsuit-settlements/lawsuit-news/stanley-black-decker-hit-with-class-action-over-alleged-tariff-pricing-scheme/,class-action
2026-07-27T17:59:38.445885,Top Class Actions,2026-07-23,Nissan class action claims company failed to protect employee data in Oracle breach,https://topclassactions.com/lawsuit-settlements/lawsuit-news/nissan-class-action-claims-company-failed-to-protect-employee-data-in-oracle-breach/,class-action
2026-07-27T17:59:38.445885,Top Class Actions,2026-07-23,$3M Aidvantage TCPA class action settlement,https://topclassactions.com/lawsuit-settlements/open-lawsuit-settlements/3m-aidvantage-tcpa-class-action-settlement/,class-action
2026-07-27T17:59:38.445885,Top Class Actions,2026-07-23,Waffle House class action alleges illegal tobacco surcharge on company health insurance,https://topclassactions.com/lawsuit-settlements/lawsuit-news/waffle-house-class-action-alleges-illegal-tobacco-surcharge-on-company-health-insurance/,class-action
2026-07-27T17:59:38.445885,Top Class Actions,2026-07-23,Judge tosses Amazon class action over alleged Audible auto-enrollment,https://topclassactions.com/lawsuit-settlements/lawsuit-news/judge-tosses-amazon-class-action-over-alleged-audible-auto-enrollment/,class-action
2026-07-27T17:59:38.445885,Top Class Actions,2026-07-23,Google faces bid to certify class action over alleged tax data tracking,https://topclassactions.com/lawsuit-settlements/lawsuit-news/google-faces-bid-to-certify-class-action-over-alleged-tax-data-tracking/,multi-state; class-action
2026-07-27T17:59:38.445885,Top Class Actions,2026-07-23,Conair recalls Cuisinart 3-in-1 grill with pizza oven due to glass laceration hazard,https://topclassactions.com/lawsuit-settlements/lawsuit-news/conair-recalls-cuisinart-3-in-1-grill-with-pizza-oven-due-to-glass-laceration-hazard/,class-action
2026-07-27T17:59:38.445885,Top Class Actions,2026-07-22,$2.2M Equifax credit reporting class action settlement,https://topclassactions.com/lawsuit-settlements/open-lawsuit-settlements/2-2m-equifax-credit-reporting-class-action-settlement/,class-action
2026-07-27T17:59:38.445885,Top Class Actions,2026-07-22,Kia class action alleges Telluride SUVs have severe battery drain defect,https://topclassactions.com/lawsuit-settlements/lawsuit-news/kia-class-action-alleges-telluride-suvs-have-severe-battery-drain-defect/,class-action
2026-07-27T17:59:38.445885,Top Class Actions,2026-07-22,Two Google class actions claim Nest cameras scan passersby’s faces without consent,https://topclassactions.com/lawsuit-settlements/lawsuit-news/two-google-class-actions-claim-nest-cameras-scan-passersbys-faces-without-consent/,class-action
2026-07-27T17:59:38.445885,Top Class Actions,2026-07-22,Gaming addiction: Apple Arcade lawsuit investigation,https://topclassactions.com/lawsuit-settlements/investigations/apple-arcade-addicting-games-class-action-lawsuit-investigation/,class-action; WATCHLIST:Apple
2026-07-27T17:59:38.445885,Top Class Actions,2026-07-22,"UPS class action alleges company failed to provide meal, rest breaks",https://topclassactions.com/lawsuit-settlements/lawsuit-news/ups-class-action-alleges-company-failed-to-provide-meal-rest-breaks/,class-action
2026-07-27T17:59:38.445885,Top Class Actions,2026-07-22,"Kia recalls more than 460K Telluride vehicles, issues park outside alert",https://topclassactions.com/lawsuit-settlements/lawsuit-news/kia-recalls-more-than-460k-telluride-vehicles-issues-park-outside-alert/,class-action
2026-07-27T17:59:38.445885,Top Class Actions,2026-07-21,How legal intake can impact the outcome of legal marketing,https://topclassactions.com/attorney-marketing/how-legal-intake-can-impact-the-outcome-of-legal-marketing/,class-action
2026-07-27T17:59:38.445885,Top Class Actions,2026-07-21,$1.8M Serviceaide data breach class action settlement,https://topclassactions.com/lawsuit-settlements/open-lawsuit-settlements/1-8m-serviceaide-data-breach-class-action-settlement/,class-action
2026-07-27T17:59:38.445885,Top Class Actions,2026-07-21,Costco class action claims Orgain protein powder contains heavy metals,https://topclassactions.com/lawsuit-settlements/lawsuit-news/costco-class-action-claims-orgain-protein-powder-contains-heavy-metals/,class-action
2026-07-27T17:59:38.445885,Top Class Actions,2026-07-21,Apple faces BIPA class action over alleged Face ID privacy violations,https://topclassactions.com/lawsuit-settlements/lawsuit-news/apple-faces-bipa-class-action-over-alleged-face-id-privacy-violations/,class-action; WATCHLIST:Apple
2026-07-27T17:59:38.445885,Top Class Actions,2026-07-21,Supreme Court limits Roundup lawsuits as Bayer settlement continues,https://topclassactions.com/lawsuit-settlements/lawsuit-news/supreme-court-limits-roundup-lawsuits-as-bayer-settlement-continues/,class-action
2026-07-27T17:59:38.445885,Top Class Actions,2026-07-21,"Cellphone wrong-number robocalls could be worth $500-$1,500 per violation of the federal TCPA",https://topclassactions.com/lawsuit-settlements/investigations/wrong-number-robocall-lawsuit/,class-action
2026-07-27T17:59:38.445885,Top Class Actions,2026-07-21,GM recalls Cadillac Vistiq SUVs over faulty third-row seats,https://topclassactions.com/lawsuit-settlements/lawsuit-news/gm-recalls-cadillac-vistiq-suvs-over-faulty-third-row-seats/,class-action
2026-07-27T17:59:38.445885,Top Class Actions,2026-07-20,Arizona Beverages sued over alleged false ‘100% Natural’ tea labels,https://topclassactions.com/lawsuit-settlements/lawsuit-news/arizona-beverages-sued-over-alleged-false-100-natural-tea-labels/,class-action
2026-07-27T17:59:38.445885,Top Class Actions,2026-07-20,$1.75M AT&T Washington wage class action settlement,https://topclassactions.com/lawsuit-settlements/open-lawsuit-settlements/1-75m-att-washington-wage-class-action-settlement/,class-action
2026-07-27T17:59:38.445885,Top Class Actions,2026-07-20,Real estate spam texts and robocalls may violate the TCPA,https://topclassactions.com/lawsuit-settlements/investigations/unsolicited-real-estate-robocalls-and-spam-texts-violate-the-tcpa/,class-action
2026-07-27T17:59:38.445885,Top Class Actions,2026-07-20,Timex class action alleges deceptive email subject lines violated Washington spam law,https://topclassactions.com/lawsuit-settlements/lawsuit-news/timex-class-action-alleges-deceptive-email-subject-lines-violated-washington-spam-law/,class-action
2026-07-27T17:59:38.445885,Top Class Actions,2026-07-20,AppFolio class action alleges hidden fees on rent payments,https://topclassactions.com/lawsuit-settlements/lawsuit-news/appfolio-class-action-alleges-hidden-fees-on-rent-payments/,class-action
2026-07-27T17:59:38.445885,Top Class Actions,2026-07-20,John Hancock voiceprint ruling highlights limits of Illinois biometric privacy law,https://topclassactions.com/lawsuit-settlements/lawsuit-news/john-hancock-voiceprint-ruling-highlights-limits-of-illinois-biometric-privacy-law/,class-action
2026-07-27T17:59:38.445885,Top Class Actions,2026-07-20,"Ford recalls more than 100,000 Mustangs due to safety concerns",https://topclassactions.com/lawsuit-settlements/lawsuit-news/ford-recalls-more-than-100000-mustangs-due-to-safety-concerns/,class-action
2026-08-03T18:26:38.302370,CPSC Recall,2026-07-30T00:00:00,15-Drawer Dressers Recalled Due to Risk of Serious Injury or Death from Tip-Over and Entrapment Hazards; Violate Mandatory Standard for Clothing Storage Units; Sold on Amazon by Enhomee-Direct,https://www.cpsc.gov/Recalls/2026/15-Drawer-Dressers-Recalled-Due-to-Risk-of-Serious-Injury-or-Death-from-Tip-Over-and-Entrapment-Hazards-Violate-Mandatory-Standard-for-Clothing-Storage-Units-Sold-on-Amazon-by-Enhomee-Direct,fatality-linked
2026-08-03T18:26:38.302370,CPSC Recall,2026-07-30T00:00:00,5-Drawer Dressers Recalled Due to Risk of Serious Injury or Death from Tip-Over and Entrapment Hazards; Violate Mandatory Standard for Clothing Storage Units; Sold on Amazon by KAIFAM,https://www.cpsc.gov/Recalls/2026/5-Drawer-Dressers-Recalled-Due-to-Risk-of-Serious-Injury-or-Death-from-Tip-Over-and-Entrapment-Hazards-Violate-Mandatory-Standard-for-Clothing-Storage-Units-Sold-on-Amazon-by-KAIFAM,fatality-linked
2026-08-03T18:26:38.302370,CPSC Recall,2026-07-30T00:00:00,BenQ America Recalls GV31 Portable Projectors Due to Risk of Serious Injury or Death from Fire and Burn Hazards,https://www.cpsc.gov/Recalls/2026/BenQ-America-Recalls-GV31-Portable-Projectors-Due-to-Risk-of-Serious-Injury-or-Death-from-Fire-and-Burn-Hazards,fatality-linked
2026-08-03T18:26:38.302370,CPSC Recall,2026-07-30T00:00:00,Galanz Americas Recalls Retro Refrigerators Due to Risk of Serious Injury or Death from Fire and Burn Hazards; One Death Reported,https://www.cpsc.gov/Recalls/2026/Galanz-Americas-Recalls-Retro-Refrigerators-Due-to-Risk-of-Serious-Injury-or-Death-from-Fire-and-Burn-Hazards-One-Death-Reported,fatality-linked
2026-08-03T18:26:38.302370,CPSC Recall,2026-07-30T00:00:00,Golden Link Recalls Fantastic Four Cups and Captain America Popcorn Helmet Containers with LED Lights Due to Risk of Serious Injury or Death from Battery Ingestion Hazard; Violate Mandatory Standard for Consumer Products with Button Cell Batteries,https://www.cpsc.gov/Recalls/2026/Golden-Link-Recalls-Fantastic-Four-Cups-and-Captain-America-Popcorn-Helmet-Containers-with-LED-Lights-Due-to-Risk-of-Serious-Injury-or-Death-from-Battery-Ingestion-Hazard-Violate-Mandatory-Standard-for-Consumer-Products-with-Button-Cell,fatality-linked
2026-08-03T18:26:38.302370,CPSC Recall,2026-07-30T00:00:00,HARPPA Recalls Nordi Toddler Tower Stools Due to Risk of Serious Injury and Death from Entrapment and Fall Hazards,https://www.cpsc.gov/Recalls/2026/HARPPA-Recalls-Nordi-Toddler-Tower-Stools-Due-to-Risk-of-Serious-Injury-and-Death-from-Entrapment-and-Fall-Hazards,fatality-linked
2026-08-03T18:26:38.302370,CPSC Recall,2026-07-30T00:00:00,Heated Sherpa Throws and Blankets Recalled Due to Risk of Serious Injury or Death from Fire and Burn Hazards; Sold on Amazon by OCTROT,https://www.cpsc.gov/Recalls/2026/Heated-Sherpa-Throws-and-Blankets-Recalled-Due-to-Risk-of-Serious-Injury-or-Death-from-Fire-and-Burn-Hazards-Sold-on-Amazon-by-OCTROT,fatality-linked
2026-08-03T18:26:38.302370,CPSC Recall,2026-07-30T00:00:00,"Jake's Fireworks Recalls World Class Fireworks ""Skull Strobe"" Rockets Due to Risk of Serious Injury from Explosion and Burn Hazards",https://www.cpsc.gov/Recalls/2026/Jakes-Fireworks-Recalls-World-Class-Fireworks-Skull-Strobe-Rockets-Due-to-Risk-of-Serious-Injury-from-Explosion-and-Burn-Hazards,
2026-08-03T18:26:38.302370,CPSC Recall,2026-07-30T00:00:00,Joyin Expands Recall of Sloosh Dive Sticks Due to Risk of Serious Injury from Impalement; Violate Federal Dive Sticks Ban,https://www.cpsc.gov/Recalls/2026/Joyin-Expands-Recall-of-Sloosh-Dive-Sticks-Due-to-Risk-of-Serious-Injury-from-Impalement-Violate-Federal-Dive-Sticks-Ban,
2026-08-03T18:26:38.302370,CPSC Recall,2026-07-30T00:00:00,Mangohood Direct Kids Kitchen Standing Towers Recalled Due to Risk of Serious Injury and Death from Entrapment and Fall Hazards; Imported by Hangzhou Xinyanchuangxin,https://www.cpsc.gov/Recalls/2026/Mangohood-Direct-Kids-Kitchen-Standing-Towers-Recalled-Due-to-Risk-of-Serious-Injury-and-Death-from-Entrapment-and-Fall-Hazards-Imported-by-Hangzhou-Xinyanchuangxin,fatality-linked
2026-08-03T18:26:38.302370,CPSC Recall,2026-07-30T00:00:00,Mommy's Baby Lovely Deluxe Baby Doll Playsets Recalled Due to Risk of Serious Injury or Death from Choking Hazard; Violate Small Parts Ban; Sold on Temu by TOYHW,https://www.cpsc.gov/Recalls/2026/Mommys-Baby-Lovely-Deluxe-Baby-Doll-Playsets-Recalled-Due-to-Risk-of-Serious-Injury-or-Death-from-Choking-Hazard-Violate-Small-Parts-Ban-Sold-on-Temu-by-TOYHW,fatality-linked
2026-08-03T18:26:38.302370,CPSC Recall,2026-07-30T00:00:00,OCOOPA Direct Recalls 1.5 Million Rechargeable Hand Warmers Due to Risk of Serious Injury or Death from Fire and Burn Hazards; One Death Reported; Imported by Shenzhen Street Cat Technology,https://www.cpsc.gov/Recalls/2026/OCOOPA-Direct-Recalls-1-5-Million-Rechargeable-Hand-Warmers-Due-to-Risk-of-Serious-Injury-or-Death-from-Fire-and-Burn-Hazards-One-Death-Reported-Imported-by-Shenzhen-Street-Cat-Technology,fatality-linked
2026-08-03T18:26:38.302370,CPSC Recall,2026-07-30T00:00:00,Recall of Cpzzkq Baby Loungers Expanded Due to Risk Serious Injury or Death from Suffocation Hazard; Violate Mandatory Standard for Infant Support Cushions; Sold on Amazon by CetoPMax,https://www.cpsc.gov/Recalls/2026/Recall-of-Cpzzkq-Baby-Loungers-Expanded-Due-to-Risk-of-Serious-Injury-or-Death-from-Suffocation-Hazard-Violate-Mandatory-Standard-for-Infant-Support-Cushions-Sold-on-Amazon-by-CetoPMax,fatality-linked
2026-08-03T18:26:38.302370,CPSC Recall,2026-07-30T00:00:00,Trsmima Zipline Kits and Zipline Spring Brakes Recalled Due to Fall and Collision Hazards; Manufactured by Trsmima,https://www.cpsc.gov/Recalls/2026/Trsmima-Zipline-Kits-and-Zipline-Spring-Brakes-Recalled-Due-to-Fall-and-Collision-Hazards-Manufactured-by-Trsmima,WATCHLIST:Apple
2026-08-03T18:26:38.302370,CPSC Recall,2026-07-30T00:00:00,Woodure Toddler Kitchen Step Stools Recalled Due to Risk of Serious Injury and Death from Entrapment and Fall Hazards; Imported by Shenzhen Muqiqu Creative Development,https://www.cpsc.gov/Recalls/2026/Woodure-Toddler-Kitchen-Step-Stools-Recalled-Due-to-Risk-of-Serious-Injury-and-Death-from-Entrapment-and-Fall-Hazards-Imported-by-Shenzhen-Muqiqu-Creative-Development,fatality-linked
2026-08-03T18:26:38.302370,CPSC Recall,2000-07-27T00:00:00,"CPSC, Hufco-Delaware Co. Announce Recall to Repair Gerry® TrailTech™ Backpack Baby Carriers",https://www.cpsc.gov/Recalls/2000/CPSC-Hufco-Delaware-Co-Announce-Recall-to-Repair-Gerry-TrailTech-Backpack-Baby-Carriers,
2026-08-03T18:26:38.302370,CPSC Recall,2000-07-24T00:00:00,"CPSC, Gymboree Announce Recall of Plush Shape Sorters and Stacking Toys",https://www.cpsc.gov/Recalls/2000/CPSC-Gymboree-Announce-Recall-of-Plush-Shape-Sorters-and-Stacking-Toys,
2026-08-03T18:26:38.302370,CPSC Recall,2000-07-24T00:00:00,"CPSC, Master Lock Co. Announce Recall to Replace Gun Locks",https://www.cpsc.gov/Recalls/2000/CPSC-Master-Lock-Co-Announce-Recall-to-Replace-Gun-Locks,
2026-08-03T18:26:38.302370,CPSC Recall,2000-07-21T00:00:00,"CPSC, Child GuidanceTM Announce Recall to Replace Caterpillar Toys",https://www.cpsc.gov/Recalls/2000/CPSC-Child-Guidance-Announce-Recall-to-Replace-Caterpillar-Toys,
2026-08-03T18:26:38.302370,CPSC Recall,2000-07-21T00:00:00,"CPSC, Fisher-Price Announce Recall of Baby Jumper Seats and Construction Toys",https://www.cpsc.gov/Recalls/2000/CPSC-Fisher-Price-Announce-Recall-of-Baby-Jumper-Seats-and-Construction-Toys,
2026-08-03T18:26:38.302370,CPSC Recall,2000-07-21T00:00:00,"CPSC, Shelcore Inc. Announce Recall Children's Play Tables to Replace Mallets",https://www.cpsc.gov/Recalls/2000/CPSC-Shelcore-Inc-Announce-Recall-Childrens-Play-Tables-to-Replace-Mallets,
2026-08-03T18:26:38.302370,SEC 8-K (Item 4.02: material weakness),2026-07-30,"New ERA Energy & Digital, Inc.  (NUAI, NUAIW)  (CIK 0002028336) — Item 4.02 8-K referencing 'material weakness'",https://www.sec.gov/Archives/edgar/data/2028336/000121390026083411/ea0299918-8k_newera.htm,
2026-08-03T18:26:38.302370,SEC 8-K (Item 8.01: subpoena),2026-07-29,Citigroup Commercial Mortgage Trust 2026-MFAM1  (CIK 0002143199) — Item 8.01 8-K referencing 'subpoena',https://www.sec.gov/Archives/edgar/data/2143199/000153949726002021/exh4_1-psa.htm,
2026-08-03T18:26:38.302370,SEC 8-K (Item 8.01: enforcement action),2026-07-29,Citigroup Commercial Mortgage Trust 2026-MFAM1  (CIK 0002143199) — Item 8.01 8-K referencing 'enforcement action',https://www.sec.gov/Archives/edgar/data/2143199/000153949726002021/exh4_1-psa.htm,
2026-08-03T18:26:38.302370,Marler Blog (food safety plaintiff bar),2026-08-03,"Two People Have Died in the Cyclospora Outbreak. The Fifty-State Count Is Now 21,913.",https://www.marlerblog.com/case-news/two-people-have-died-in-the-cyclospora-outbreak-the-fifty-state-count-is-now-21913/,fatality-linked
2026-08-03T18:26:38.302370,Marler Blog (food safety plaintiff bar),2026-08-03,"Taylor Farms Has Rewritten Its Cyclospora Statement Four Times in Sixteen Days. It Still Has Not Said What Changed at That Plant After 2013, or Why Two Thousand Negative Tests Should Mean Anything.",https://www.marlerblog.com/case-news/taylor-farms-has-rewritten-its-cyclospora-statement-four-times-in-sixteen-days-it-still-has-not-said-what-changed-at-that-plant-after-2013-or-why-two-thousand-negative-tests-should-mean-an/,
2026-08-03T18:26:38.302370,Marler Blog (food safety plaintiff bar),2026-08-02,"Eleven Times Normal, and One in Eight Hospitalized. A Private Company Published the Cyclospora Numbers the Government Has Not.",https://www.marlerblog.com/case-news/eleven-times-normal-and-one-in-eight-hospitalized-a-private-company-published-the-cyclospora-numbers-the-government-has-not/,
2026-08-03T18:26:38.302370,Marler Blog (food safety plaintiff bar),2026-08-02,USDA Says Cyclospora Costs America $5.3 Million a Year. The Program I Want Restored Cost $4.5 Million a Year. This Summer Alone Has Already Blown Past Both.,https://www.marlerblog.com/case-news/usda-says-cyclospora-costs-america-5-3-million-a-year-the-program-i-want-restored-cost-4-5-million-a-year-this-summer-alone-has-already-blown-past-both/,
2026-08-03T18:26:38.302370,Marler Blog (food safety plaintiff bar),2026-08-01,Weekend Wrap-Up: The Week Cyclospora Stopped Being a Health Story and Became an Accounting One,https://www.marlerblog.com/case-news/weekend-wrap-up-the-week-cyclospora-stopped-being-a-health-story-and-became-an-accounting-one/,fatality-linked
2026-08-03T18:26:38.302370,Marler Blog (food safety plaintiff bar),2026-07-31,"Three States Moved After I Posted This Morning. The Fifty-State Cyclospora Count Is Now 21,452.",https://www.marlerblog.com/case-news/three-states-moved-after-i-posted-this-morning-the-fifty-state-cyclospora-count-is-now-21452/,fatality-linked
2026-08-03T18:26:38.302370,Marler Blog (food safety plaintiff bar),2026-07-31,"Taylor Farms Has Now Written Five Different Versions of the Same Statement. The Newest One Says It Ran Two Thousand Samples and Found Nothing. Ohio Just Added 1,437 CyclosporaCases in a Week and the Fifty-State Count Crossed Twenty Thousand.",https://www.marlerblog.com/case-news/taylor-farms-has-now-written-five-different-versions-of-the-same-statement-the-newest-one-says-it-ran-two-thousand-samples-and-found-nothing-this-morning-the-fifty-state-cyclospora-count-i/,fatality-linked
2026-08-03T18:26:38.302370,Marler Blog (food safety plaintiff bar),2026-07-31,Here Is Everything Taco Bell Has Said About Cyclospora. The Company Was Already Pulling Lettuce When It Told Reporters Nothing Had Been Confirmed.,https://www.marlerblog.com/case-news/here-is-everything-taco-bell-has-said-about-cyclospora-the-company-was-already-pulling-lettuce-when-it-told-reporters-nothing-had-been-confirmed/,multi-state
2026-08-03T18:26:38.302370,Marler Blog (food safety plaintiff bar),2026-07-31,"At IAFP I Was Told It Was American Sewage, Not Mexican Lettuce. That Gets the Parasite Half Right and the Continent Entirely Wrong.",https://www.marlerblog.com/case-news/at-iafp-i-was-told-it-was-american-sewage-not-mexican-lettuce-that-gets-the-parasite-half-right-and-the-continent-entirely-wrong/,
2026-08-03T18:26:38.302370,Marler Blog (food safety plaintiff bar),2026-07-30,"FDA Blacked Out the Lettuce in the 2021 Romaine E. coli O121 Outbreak. CDC’s Own Slides Printed the Lot Numbers, and King County Typed Taylor Farms, Salinas.",https://www.marlerblog.com/case-news/fda-blacked-out-the-lettuce-in-the-2021-romaine-e-coli-o121-outbreak-cdcs-own-slides-printed-the-lot-numbers-and-king-county-typed-taylor-farms-salinas/,multi-state; fatality-linked
2026-08-03T18:26:38.302370,Top Class Actions,2026-08-03,$70M Oppenheimer & Co. ABDP cash sweep class action settlement,https://topclassactions.com/lawsuit-settlements/open-lawsuit-settlements/70m-oppenheimer-co-abdp-cash-sweep-class-action-settlement/,class-action
2026-08-03T18:26:38.302370,Top Class Actions,2026-08-03,$11M Hartford premium tax charges class action settlement,https://topclassactions.com/lawsuit-settlements/open-lawsuit-settlements/11m-hartford-premium-tax-charges-class-action-settlement/,class-action
2026-08-03T18:26:38.302370,Top Class Actions,2026-08-03,Discord agrees to strengthen safety features for Texas teens amid AG lawsuit,https://topclassactions.com/lawsuit-settlements/lawsuit-news/discord-agrees-to-strengthen-safety-features-for-texas-teens-amid-ag-lawsuit/,class-action
2026-08-03T18:26:38.302370,Top Class Actions,2026-08-03,Unilever sued over TRESemmé shampoo allegedly linked to hair loss,https://topclassactions.com/lawsuit-settlements/lawsuit-news/unilever-sued-over-tresemme-shampoo-allegedly-linked-to-hair-loss/,class-action
2026-08-03T18:26:38.302370,Top Class Actions,2026-08-03,"Equifax, Experian, Synchrony, Midland sued over credit report errors",https://topclassactions.com/lawsuit-settlements/lawsuit-news/equifax-experian-synchrony-midland-sued-over-credit-report-errors/,class-action
2026-08-03T18:26:38.302370,Top Class Actions,2026-08-03,"General Mills recalls more than 735,000 Pillsbury bread rolls over glass contamination",https://topclassactions.com/lawsuit-settlements/lawsuit-news/general-mills-recalls-more-than-735000-pillsbury-bread-rolls-over-glass-contamination/,class-action
2026-08-03T18:26:38.302370,Top Class Actions,2026-07-31,$359.9M RealPage antitrust class action settlement,https://topclassactions.com/lawsuit-settlements/open-lawsuit-settlements/359-9m-realpage-antitrust-class-action-settlement/,class-action
2026-08-03T18:26:38.302370,Top Class Actions,2026-07-31,Uber class action claims company misclassifies drivers as independent contractors,https://topclassactions.com/lawsuit-settlements/lawsuit-news/uber-class-action-claims-company-misclassifies-drivers-as-independent-contractors/,class-action
2026-08-03T18:26:38.302370,Top Class Actions,2026-07-31,Johnson & Johnson agrees to $5.5B settlement to resolve ovarian cancer talc lawsuits,https://topclassactions.com/lawsuit-settlements/lawsuit-news/johnson-johnson-agrees-to-5-5b-settlement-to-resolve-ovarian-cancer-talc-lawsuits/,class-action
2026-08-03T18:26:38.302370,Top Class Actions,2026-07-31,Honda hit with class action over alleged white paint peeling defect,https://topclassactions.com/lawsuit-settlements/lawsuit-news/honda-hit-with-class-action-over-alleged-white-paint-peeling-defect/,class-action
2026-08-03T18:26:38.302370,Top Class Actions,2026-07-31,Subaru recalls more than 541K vehicles due to incorrect GAWR labels,https://topclassactions.com/lawsuit-settlements/lawsuit-news/subaru-recalls-more-than-541k-vehicles-due-to-incorrect-gawr-labels/,class-action
2026-08-03T18:26:38.302370,Top Class Actions,2026-07-30,10 class action settlements you can claim in August 2026,https://topclassactions.com/lawsuit-settlements/lawsuit-news/10-class-action-settlements-you-can-claim-in-august-2026/,class-action
2026-08-03T18:26:38.302370,Top Class Actions,2026-07-30,Honda class action claims Odyssey minivans have defective starting system,https://topclassactions.com/lawsuit-settlements/lawsuit-news/honda-class-action-claims-odyssey-minivans-have-defective-starting-system/,class-action
2026-08-03T18:26:38.302370,Top Class Actions,2026-07-30,Home Depot faces privacy class action over alleged sale of customer data,https://topclassactions.com/lawsuit-settlements/lawsuit-news/home-depot-faces-privacy-class-action-over-alleged-sale-of-customer-data/,class-action
2026-08-03T18:26:38.302370,Top Class Actions,2026-07-30,"Honda recalls over 325,000 Odyssey vans due to rearview camera malfunction",https://topclassactions.com/lawsuit-settlements/lawsuit-news/honda-recalls-over-325000-odyssey-vans-due-to-rearview-camera-malfunction/,class-action
2026-08-03T18:26:38.302370,Top Class Actions,2026-07-29,$14M Costco sales emails class action settlement,https://topclassactions.com/lawsuit-settlements/open-lawsuit-settlements/14m-costco-sales-emails-class-action-settlement/,class-action
2026-08-03T18:26:38.302370,Top Class Actions,2026-07-29,"$750,000 iQ Credit Union overdraft fees class action settlement",https://topclassactions.com/lawsuit-settlements/open-lawsuit-settlements/750000-iq-credit-union-overdraft-fees-class-action-settlement/,class-action
2026-08-03T18:26:38.302370,Top Class Actions,2026-07-29,ECOA lawsuit: Were you denied a loan or credit card?,https://topclassactions.com/lawsuit-settlements/investigations/ecoa-class-action-lawsuit/,class-action
2026-08-03T18:26:38.302370,Top Class Actions,2026-07-29,Class action claims Lululemon kept tariff windfall instead of refunding customers,https://topclassactions.com/lawsuit-settlements/lawsuit-news/class-action-claims-lululemon-kept-tariff-windfall-instead-of-refunding-customers/,class-action
2026-08-03T18:26:38.302370,Top Class Actions,2026-07-29,Walmart class action claims Great Value chia seeds contain mold,https://topclassactions.com/lawsuit-settlements/lawsuit-news/walmart-class-action-claims-great-value-chia-seeds-contain-mold/,class-action
2026-08-03T18:26:38.302370,Top Class Actions,2026-07-29,Macy’s faces class action over alleged deceptive furniture protection plan,https://topclassactions.com/lawsuit-settlements/lawsuit-news/macys-faces-class-action-over-alleged-deceptive-furniture-protection-plan/,class-action
2026-08-03T18:26:38.302370,Top Class Actions,2026-07-29,Lupin Pharmaceuticals recalls 2.5M prednisolone eye drop bottles over contamination concerns,https://topclassactions.com/lawsuit-settlements/lawsuit-news/lupin-pharmaceuticals-recalls-2-5m-prednisolone-eye-drop-bottles-over-contamination-concerns/,class-action
2026-08-03T18:26:38.302370,Top Class Actions,2026-07-28,Walmart faces biometric privacy lawsuits over alleged collection of customers’ voiceprints,https://topclassactions.com/lawsuit-settlements/lawsuit-news/walmart-faces-biometric-privacy-lawsuits-over-alleged-collection-of-customers-voiceprints/,class-action
2026-08-03T18:26:38.302370,Top Class Actions,2026-07-28,$750k Strides testosterone gel class action settlement,https://topclassactions.com/lawsuit-settlements/open-lawsuit-settlements/750k-strides-testosterone-gel-class-action-settlement/,class-action
2026-08-03T18:26:38.302370,Top Class Actions,2026-07-28,"Google hit with class action alleging user data shared with Temu, Baidu",https://topclassactions.com/lawsuit-settlements/lawsuit-news/google-hit-with-class-action-alleging-user-data-shared-with-temu-baidu/,class-action
2026-08-03T18:26:38.302370,Top Class Actions,2026-07-28,Intuit class action alleges Credit Karma security failures led to unauthorized withdrawals,https://topclassactions.com/lawsuit-settlements/lawsuit-news/intuit-class-action-alleges-credit-karma-security-failures-led-to-unauthorized-withdrawals/,class-action
2026-08-03T18:26:38.302370,Top Class Actions,2026-07-28,Greenworks Tools recalls over 550K Kobalt yard tools due to battery hazard,https://topclassactions.com/lawsuit-settlements/lawsuit-news/greenworks-tools-recalls-over-550k-kobalt-yard-tools-due-to-battery-hazard/,class-action
2026-08-03T18:26:38.302370,Top Class Actions,2026-07-28,Midwest Poultry recalls more than 1.5M dozen eggs over Salmonella concerns,https://topclassactions.com/lawsuit-settlements/lawsuit-news/midwest-poultry-recalls-more-than-1-5m-dozen-eggs-over-salmonella-concerns/,class-action
2026-08-03T18:26:38.302370,Top Class Actions,2026-07-27,Meta class actions alleging pump-and-dump ad scheme dismissed,https://topclassactions.com/lawsuit-settlements/lawsuit-news/meta-class-actions-alleging-pump-and-dump-ad-scheme-dismissed/,class-action
2026-08-03T18:26:38.302370,Top Class Actions,2026-07-27,$450K Stanford Federal Credit Union NSF fee class action settlement,https://topclassactions.com/lawsuit-settlements/open-lawsuit-settlements/450k-stanford-federal-credit-union-nsf-fee-class-action-settlement/,class-action
2026-08-03T18:26:38.302370,Top Class Actions,2026-07-27,$1.5B Anthropic settlement resolves AI training lawsuit,https://topclassactions.com/lawsuit-settlements/lawsuit-news/1-5b-anthropic-settlement-resolves-ai-training-lawsuit/,class-action
2026-08-03T18:26:38.302370,Top Class Actions,2026-07-27,"Consumers sue Taylor Farms, Taco Bell over cyclospora outbreak",https://topclassactions.com/lawsuit-settlements/lawsuit-news/consumers-sue-taylor-farms-taco-bell-over-cyclospora-outbreak/,class-action
2026-08-03T18:26:38.302370,Top Class Actions,2026-07-27,Evenflo recalls over 59K child car seats due to headrest safety concerns,https://topclassactions.com/lawsuit-settlements/lawsuit-news/evenflo-recalls-over-59k-child-car-seats-due-to-headrest-safety-concerns/,class-action
2026-08-03T18:26:38.302370,Top Class Actions,2026-07-27,Taylor Farms recalls iceberg lettuce amid cyclospora outbreak tied to Taco Bell,https://topclassactions.com/lawsuit-settlements/lawsuit-news/taylor-farms-recalls-iceberg-lettuce-amid-cyclospora-outbreak-tied-to-taco-bell/,multi-state; class-action
2026-08-05T20:58:09.012313,FDA Food Recall,2026-07-29,Green Jeeva LLC — Class I recall (CA),https://www.accessdata.fda.gov/scripts/ires/index.cfm,
2026-08-05T20:58:09.012313,FDA Food Recall,2026-07-29,Brooklyn Roasting Works LLC — Class II recall (NY),https://www.accessdata.fda.gov/scripts/ires/index.cfm,
2026-08-05T20:58:09.012313,FDA Food Recall,2026-07-29,"Man Fon, Inc. — Class II recall (CA)",https://www.accessdata.fda.gov/scripts/ires/index.cfm,
2026-08-05T20:58:09.012313,FDA Food Recall,2026-07-29,"Man Fon, Inc. — Class II recall (CA)",https://www.accessdata.fda.gov/scripts/ires/index.cfm,
2026-08-05T20:58:09.012313,FDA Food Recall,2026-07-29,Vintage Roots LLC — Class II recall (MT),https://www.accessdata.fda.gov/scripts/ires/index.cfm,
2026-08-05T20:58:09.012313,FDA Food Recall,2026-07-29,"Modern Warrior Life, LLC — Class I recall (AZ)",https://www.accessdata.fda.gov/scripts/ires/index.cfm,
2026-08-05T20:58:09.012313,FDA Food Recall,2026-07-29,"Shandong Ling Xian Food Co.,LTD — Class III recall (N/A)",https://www.accessdata.fda.gov/scripts/ires/index.cfm,
2026-08-05T20:58:09.012313,FDA Food Recall,2026-07-29,"Shandong Ling Xian Food Co.,LTD — Class III recall (N/A)",https://www.accessdata.fda.gov/scripts/ires/index.cfm,
2026-08-05T20:58:09.012313,FDA Food Recall,2026-07-29,Total Nutrition Inc — Class I recall (NY),https://www.accessdata.fda.gov/scripts/ires/index.cfm,
2026-08-05T20:58:09.012313,FDA Food Recall,2026-07-29,"Shandong Ling Xian Food Co.,LTD — Class III recall (N/A)",https://www.accessdata.fda.gov/scripts/ires/index.cfm,
2026-08-05T20:58:09.012313,FDA Food Recall,2026-07-29,GELLERT GLOBAL GROUP — Class I recall (NJ),https://www.accessdata.fda.gov/scripts/ires/index.cfm,
2026-08-05T20:58:09.012313,FDA Drug Recall,2026-07-29,"Rohto-Mentholatum (Vietnam) Co., Ltd. — Class II recall (N/A)",https://www.accessdata.fda.gov/scripts/ires/index.cfm,
2026-08-05T20:58:09.012313,FDA Drug Recall,2026-07-29,Major Pharmaceuticals — Class II recall (OH),https://www.accessdata.fda.gov/scripts/ires/index.cfm,
2026-08-05T20:58:09.012313,FDA Drug Recall,2026-07-29,"Rohto-Mentholatum (Vietnam) Co., Ltd. — Class II recall (N/A)",https://www.accessdata.fda.gov/scripts/ires/index.cfm,
2026-08-05T20:58:09.012313,FDA Drug Recall,2026-07-29,Major Pharmaceuticals — Class II recall (OH),https://www.accessdata.fda.gov/scripts/ires/index.cfm,
2026-08-05T20:58:09.012313,FDA Drug Recall,2026-07-29,Major Pharmaceuticals — Class II recall (OH),https://www.accessdata.fda.gov/scripts/ires/index.cfm,
2026-08-05T20:58:09.012313,FDA Drug Recall,2026-07-29,"Fresenius Kabi USA, LLC — Class II recall (IL)",https://www.accessdata.fda.gov/scripts/ires/index.cfm,
2026-08-05T20:58:09.012313,FDA Drug Recall,2026-07-29,Major Pharmaceuticals — Class II recall (OH),https://www.accessdata.fda.gov/scripts/ires/index.cfm,
2026-08-05T20:58:09.012313,FDA Drug Recall,2026-07-29,Major Pharmaceuticals — Class II recall (OH),https://www.accessdata.fda.gov/scripts/ires/index.cfm,
2026-08-05T20:58:09.012313,FDA Drug Recall,2026-07-29,Major Pharmaceuticals — Class II recall (OH),https://www.accessdata.fda.gov/scripts/ires/index.cfm,
2026-08-05T20:58:09.012313,FDA Drug Recall,2026-07-29,"Rohto-Mentholatum (Vietnam) Co., Ltd. — Class II recall (N/A)",https://www.accessdata.fda.gov/scripts/ires/index.cfm,
2026-08-05T20:58:09.012313,FDA Drug Recall,2026-07-29,"Fresenius Kabi USA, LLC — Class II recall (IL)",https://www.accessdata.fda.gov/scripts/ires/index.cfm,
2026-08-05T20:58:09.012313,FDA Drug Recall,2026-07-29,"Rohto-Mentholatum (Vietnam) Co., Ltd. — Class II recall (N/A)",https://www.accessdata.fda.gov/scripts/ires/index.cfm,
2026-08-05T20:58:09.012313,FDA Drug Recall,2026-07-29,Major Pharmaceuticals — Class II recall (OH),https://www.accessdata.fda.gov/scripts/ires/index.cfm,
2026-08-05T20:58:09.012313,FDA Drug Recall,2026-07-29,"Fresenius Kabi USA, LLC — Class II recall (IL)",https://www.accessdata.fda.gov/scripts/ires/index.cfm,
2026-08-05T20:58:09.012313,FDA Drug Recall,2026-07-29,"Rohto-Mentholatum (Vietnam) Co., Ltd. — Class II recall (N/A)",https://www.accessdata.fda.gov/scripts/ires/index.cfm,
2026-08-05T20:58:09.012313,FDA Drug Recall,2026-07-29,Asclemed USA Inc. — Class III recall (CA),https://www.accessdata.fda.gov/scripts/ires/index.cfm,
2026-08-05T20:58:09.012313,FDA Drug Recall,2026-07-29,"Ascend Laboratories, LLC — Class II recall (NJ)",https://www.accessdata.fda.gov/scripts/ires/index.cfm,
2026-08-05T20:58:09.012313,FDA Drug Recall,2026-07-29,Major Pharmaceuticals — Class II recall (OH),https://www.accessdata.fda.gov/scripts/ires/index.cfm,
2026-08-05T20:58:09.012313,FDA Drug Recall,2026-07-29,Precision Dose Inc. — Not Yet Classified recall (IL),https://www.accessdata.fda.gov/scripts/ires/index.cfm,
2026-08-05T20:58:09.012313,FDA Drug Recall,2026-07-29,Major Pharmaceuticals — Class II recall (OH),https://www.accessdata.fda.gov/scripts/ires/index.cfm,
2026-08-05T20:58:09.012313,FDA Drug Recall,2026-07-29,"Rohto-Mentholatum (Vietnam) Co., Ltd. — Class II recall (N/A)",https://www.accessdata.fda.gov/scripts/ires/index.cfm,
2026-08-05T20:58:09.012313,FDA Drug Recall,2026-07-29,"Fresenius Kabi USA, LLC — Class II recall (IL)",https://www.accessdata.fda.gov/scripts/ires/index.cfm,
2026-08-05T20:58:09.012313,FDA Drug Recall,2026-07-29,"Fresenius Kabi USA, LLC — Class II recall (IL)",https://www.accessdata.fda.gov/scripts/ires/index.cfm,
2026-08-05T20:58:09.012313,FDA Drug Recall,2026-07-29,Major Pharmaceuticals — Class II recall (OH),https://www.accessdata.fda.gov/scripts/ires/index.cfm,
2026-08-05T20:58:09.012313,FDA Drug Recall,2026-07-29,Major Pharmaceuticals — Class II recall (OH),https://www.accessdata.fda.gov/scripts/ires/index.cfm,
2026-08-05T20:58:09.012313,FDA Drug Recall,2026-07-29,"Rising Pharma Holding, Inc. — Class II recall (NJ)",https://www.accessdata.fda.gov/scripts/ires/index.cfm,
2026-08-05T20:58:09.012313,FDA Drug Recall,2026-07-29,"Rohto-Mentholatum (Vietnam) Co., Ltd. — Class II recall (N/A)",https://www.accessdata.fda.gov/scripts/ires/index.cfm,
2026-08-05T20:58:09.012313,FDA Drug Recall,2026-07-29,Major Pharmaceuticals — Class II recall (OH),https://www.accessdata.fda.gov/scripts/ires/index.cfm,
2026-08-05T20:58:09.012313,FDA Drug Recall,2026-07-29,"Rohto-Mentholatum (Vietnam) Co., Ltd. — Class II recall (N/A)",https://www.accessdata.fda.gov/scripts/ires/index.cfm,
2026-08-05T20:58:09.012313,FDA Device Recall,2026-07-29,Boston Scientific Corporation — Class II recall (MN),https://www.accessdata.fda.gov/scripts/ires/index.cfm,
2026-08-05T20:58:09.012313,FDA Device Recall,2026-07-29,Boston Scientific Corporation — Class II recall (MN),https://www.accessdata.fda.gov/scripts/ires/index.cfm,
2026-08-05T20:58:09.012313,FDA Device Recall,2026-07-29,"AVID Medical, Inc. — Class II recall (VA)",https://www.accessdata.fda.gov/scripts/ires/index.cfm,
2026-08-05T20:58:09.012313,FDA Device Recall,2026-07-29,"Penumbra, Inc. — Class II recall (CA)",https://www.accessdata.fda.gov/scripts/ires/index.cfm,
2026-08-05T20:58:09.012313,FDA Device Recall,2026-07-29,"Alphatec Spine, Inc. — Class II recall (CA)",https://www.accessdata.fda.gov/scripts/ires/index.cfm,
2026-08-05T20:58:09.012313,FDA Device Recall,2026-07-29,"Medtronic MiniMed, Inc. — Class II recall (CA)",https://www.accessdata.fda.gov/scripts/ires/index.cfm,
2026-08-05T20:58:09.012313,FDA Device Recall,2026-07-29,Boston Scientific Corporation — Class II recall (MN),https://www.accessdata.fda.gov/scripts/ires/index.cfm,
2026-08-05T20:58:09.012313,FDA Device Recall,2026-07-29,"Medline Industries, LP — Class I recall (IL)",https://www.accessdata.fda.gov/scripts/ires/index.cfm,
2026-08-05T20:58:09.012313,FDA Device Recall,2026-07-29,ICU Medical Inc. — Class II recall (MN),https://www.accessdata.fda.gov/scripts/ires/index.cfm,
2026-08-05T20:58:09.012313,FDA Device Recall,2026-07-29,Karl Storz Endoscopy — Class II recall (CA),https://www.accessdata.fda.gov/scripts/ires/index.cfm,
2026-08-05T20:58:09.012313,FDA Device Recall,2026-07-29,"Medline Industries, LP — Class II recall (IL)",https://www.accessdata.fda.gov/scripts/ires/index.cfm,
2026-08-05T20:58:09.012313,FDA Device Recall,2026-07-29,Boston Scientific Corporation — Class II recall (MN),https://www.accessdata.fda.gov/scripts/ires/index.cfm,
2026-08-05T20:58:09.012313,FDA Device Recall,2026-07-29,Ferno-Washington Inc — Class II recall (OH),https://www.accessdata.fda.gov/scripts/ires/index.cfm,
2026-08-05T20:58:09.012313,FDA Device Recall,2026-07-29,"Medline Industries, LP — Class II recall (IL)",https://www.accessdata.fda.gov/scripts/ires/index.cfm,
2026-08-05T20:58:09.012313,FDA Device Recall,2026-07-29,"Medline Industries, LP — Class II recall (IL)",https://www.accessdata.fda.gov/scripts/ires/index.cfm,
2026-08-05T20:58:09.012313,FDA Device Recall,2026-07-29,"Medline Industries, LP — Class II recall (IL)",https://www.accessdata.fda.gov/scripts/ires/index.cfm,
2026-08-05T20:58:09.012313,FDA Device Recall,2026-07-29,"Medline Industries, LP — Class II recall (IL)",https://www.accessdata.fda.gov/scripts/ires/index.cfm,
2026-08-05T20:58:09.012313,FDA Device Recall,2026-07-29,Medtronic Neurosurgery — Class II recall (TX),https://www.accessdata.fda.gov/scripts/ires/index.cfm,
2026-08-05T20:58:09.012313,FDA Device Recall,2026-07-29,"Micro Therapeutics,  Inc. — Class II recall (CA)",https://www.accessdata.fda.gov/scripts/ires/index.cfm,
2026-08-05T20:58:09.012313,FDA Device Recall,2026-07-29,Boston Scientific Corporation — Class II recall (MN),https://www.accessdata.fda.gov/scripts/ires/index.cfm,
2026-08-05T20:58:09.012313,FDA Device Recall,2026-07-29,"Paragon 28, Inc. — Class II recall (CO)",https://www.accessdata.fda.gov/scripts/ires/index.cfm,
2026-08-05T20:58:09.012313,FDA Device Recall,2026-07-29,"Medline Industries, LP — Class I recall (IL)",https://www.accessdata.fda.gov/scripts/ires/index.cfm,
2026-08-05T20:58:09.012313,FDA Device Recall,2026-07-29,"Medline Industries, LP — Class II recall (IL)",https://www.accessdata.fda.gov/scripts/ires/index.cfm,
2026-08-05T20:58:09.012313,FDA Device Recall,2026-07-29,Wilcox Industries Corp. — Class II recall (NH),https://www.accessdata.fda.gov/scripts/ires/index.cfm,
2026-08-05T20:58:09.012313,FDA Device Recall,2026-07-29,"AVID Medical, Inc. — Class II recall (VA)",https://www.accessdata.fda.gov/scripts/ires/index.cfm,
2026-08-05T20:58:09.012313,FDA Device Recall,2026-07-29,"KENT IMAGING, INC. — Class II recall (N/A)",https://www.accessdata.fda.gov/scripts/ires/index.cfm,
2026-08-05T20:58:09.012313,FDA Device Recall,2026-07-29,"Medline Industries, LP — Class I recall (IL)",https://www.accessdata.fda.gov/scripts/ires/index.cfm,
2026-08-05T20:58:09.012313,FDA Device Recall,2026-07-29,"Medline Industries, LP — Class II recall (IL)",https://www.accessdata.fda.gov/scripts/ires/index.cfm,
2026-08-05T20:58:09.012313,FDA Device Recall,2026-07-29,"Medline Industries, LP — Class II recall (IL)",https://www.accessdata.fda.gov/scripts/ires/index.cfm,
2026-08-05T20:58:09.012313,FDA Device Recall,2026-07-29,"Medline Industries, LP — Class II recall (IL)",https://www.accessdata.fda.gov/scripts/ires/index.cfm,
2026-08-05T20:58:09.012313,FDA Device Recall,2026-07-29,"Micro Therapeutics,  Inc. — Class II recall (CA)",https://www.accessdata.fda.gov/scripts/ires/index.cfm,
2026-08-05T20:58:09.012313,FDA Device Recall,2026-07-29,"Medline Industries, LP — Class II recall (IL)",https://www.accessdata.fda.gov/scripts/ires/index.cfm,
2026-08-05T20:58:09.012313,FDA Device Recall,2026-07-29,"Medline Industries, LP — Class I recall (IL)",https://www.accessdata.fda.gov/scripts/ires/index.cfm,
2026-08-05T20:58:09.012313,FDA Device Recall,2026-07-29,Olympus Corporation of the Americas — Class II recall (PA),https://www.accessdata.fda.gov/scripts/ires/index.cfm,
2026-08-05T20:58:09.012313,FDA Device Recall,2026-07-29,"Medline Industries, LP — Class II recall (IL)",https://www.accessdata.fda.gov/scripts/ires/index.cfm,
2026-08-05T20:58:09.012313,FDA Device Recall,2026-07-29,Boston Scientific Corporation — Class II recall (MN),https://www.accessdata.fda.gov/scripts/ires/index.cfm,
2026-08-05T20:58:09.012313,FDA Device Recall,2026-07-29,"Medline Industries, LP — Class II recall (IL)",https://www.accessdata.fda.gov/scripts/ires/index.cfm,
2026-08-05T20:58:09.012313,FDA Device Recall,2026-07-29,"Emano Metrics, Inc. — Class II recall (OR)",https://www.accessdata.fda.gov/scripts/ires/index.cfm,
2026-08-05T20:58:09.012313,FDA Device Recall,2026-07-29,Boston Scientific Corporation — Class II recall (MN),https://www.accessdata.fda.gov/scripts/ires/index.cfm,
2026-08-05T20:58:09.012313,FDA Device Recall,2026-07-29,SEASPINE ORTHOPEDICS CORPORATION — Class II recall (CA),https://www.accessdata.fda.gov/scripts/ires/index.cfm,
2026-08-05T20:58:09.012313,FDA Device Recall,2026-07-29,PIE Medical Imaging B.V. — Class II recall (N/A),https://www.accessdata.fda.gov/scripts/ires/index.cfm,
2026-08-05T20:58:09.012313,FDA Device Recall,2026-07-29,"Prismatik Dentalcraft, Inc. — Class II recall (CA)",https://www.accessdata.fda.gov/scripts/ires/index.cfm,
2026-08-05T20:58:09.012313,FDA Device Recall,2026-07-29,"Medline Industries, LP — Class II recall (IL)",https://www.accessdata.fda.gov/scripts/ires/index.cfm,
2026-08-05T20:58:09.012313,FDA Device Recall,2026-07-29,Boston Scientific Corporation — Class II recall (MN),https://www.accessdata.fda.gov/scripts/ires/index.cfm,
2026-08-05T20:58:09.012313,FDA Device Recall,2026-07-29,Boston Scientific Corporation — Class II recall (MN),https://www.accessdata.fda.gov/scripts/ires/index.cfm,
2026-08-05T20:58:09.012313,FDA Device Recall,2026-07-29,"Medline Industries, LP — Class I recall (IL)",https://www.accessdata.fda.gov/scripts/ires/index.cfm,
2026-08-05T20:58:09.012313,FDA Device Recall,2026-07-29,Olympus Corporation of the Americas — Class II recall (PA),https://www.accessdata.fda.gov/scripts/ires/index.cfm,
2026-08-05T20:58:09.012313,CPSC Recall,2026-07-30T00:00:00,15-Drawer Dressers Recalled Due to Risk of Serious Injury or Death from Tip-Over and Entrapment Hazards; Violate Mandatory Standard for Clothing Storage Units; Sold on Amazon by Enhomee-Direct,https://www.cpsc.gov/Recalls/2026/15-Drawer-Dressers-Recalled-Due-to-Risk-of-Serious-Injury-or-Death-from-Tip-Over-and-Entrapment-Hazards-Violate-Mandatory-Standard-for-Clothing-Storage-Units-Sold-on-Amazon-by-Enhomee-Direct,fatality-linked
2026-08-05T20:58:09.012313,CPSC Recall,2026-07-30T00:00:00,5-Drawer Dressers Recalled Due to Risk of Serious Injury or Death from Tip-Over and Entrapment Hazards; Violate Mandatory Standard for Clothing Storage Units; Sold on Amazon by KAIFAM,https://www.cpsc.gov/Recalls/2026/5-Drawer-Dressers-Recalled-Due-to-Risk-of-Serious-Injury-or-Death-from-Tip-Over-and-Entrapment-Hazards-Violate-Mandatory-Standard-for-Clothing-Storage-Units-Sold-on-Amazon-by-KAIFAM,fatality-linked
2026-08-05T20:58:09.012313,CPSC Recall,2026-07-30T00:00:00,BenQ America Recalls GV31 Portable Projectors Due to Risk of Serious Injury or Death from Fire and Burn Hazards,https://www.cpsc.gov/Recalls/2026/BenQ-America-Recalls-GV31-Portable-Projectors-Due-to-Risk-of-Serious-Injury-or-Death-from-Fire-and-Burn-Hazards,fatality-linked
2026-08-05T20:58:09.012313,CPSC Recall,2026-07-30T00:00:00,Galanz Americas Recalls Retro Refrigerators Due to Risk of Serious Injury or Death from Fire and Burn Hazards; One Death Reported,https://www.cpsc.gov/Recalls/2026/Galanz-Americas-Recalls-Retro-Refrigerators-Due-to-Risk-of-Serious-Injury-or-Death-from-Fire-and-Burn-Hazards-One-Death-Reported,fatality-linked
2026-08-05T20:58:09.012313,CPSC Recall,2026-07-30T00:00:00,Golden Link Recalls Fantastic Four Cups and Captain America Popcorn Helmet Containers with LED Lights Due to Risk of Serious Injury or Death from Battery Ingestion Hazard; Violate Mandatory Standard for Consumer Products with Button Cell Batteries,https://www.cpsc.gov/Recalls/2026/Golden-Link-Recalls-Fantastic-Four-Cups-and-Captain-America-Popcorn-Helmet-Containers-with-LED-Lights-Due-to-Risk-of-Serious-Injury-or-Death-from-Battery-Ingestion-Hazard-Violate-Mandatory-Standard-for-Consumer-Products-with-Button-Cell,fatality-linked
2026-08-05T20:58:09.012313,CPSC Recall,2026-07-30T00:00:00,HARPPA Recalls Nordi Toddler Tower Stools Due to Risk of Serious Injury and Death from Entrapment and Fall Hazards,https://www.cpsc.gov/Recalls/2026/HARPPA-Recalls-Nordi-Toddler-Tower-Stools-Due-to-Risk-of-Serious-Injury-and-Death-from-Entrapment-and-Fall-Hazards,fatality-linked
2026-08-05T20:58:09.012313,CPSC Recall,2026-07-30T00:00:00,Heated Sherpa Throws and Blankets Recalled Due to Risk of Serious Injury or Death from Fire and Burn Hazards; Sold on Amazon by OCTROT,https://www.cpsc.gov/Recalls/2026/Heated-Sherpa-Throws-and-Blankets-Recalled-Due-to-Risk-of-Serious-Injury-or-Death-from-Fire-and-Burn-Hazards-Sold-on-Amazon-by-OCTROT,fatality-linked
2026-08-05T20:58:09.012313,CPSC Recall,2026-07-30T00:00:00,"Jake's Fireworks Recalls World Class Fireworks ""Skull Strobe"" Rockets Due to Risk of Serious Injury from Explosion and Burn Hazards",https://www.cpsc.gov/Recalls/2026/Jakes-Fireworks-Recalls-World-Class-Fireworks-Skull-Strobe-Rockets-Due-to-Risk-of-Serious-Injury-from-Explosion-and-Burn-Hazards,
2026-08-05T20:58:09.012313,CPSC Recall,2026-07-30T00:00:00,Joyin Expands Recall of Sloosh Dive Sticks Due to Risk of Serious Injury from Impalement; Violate Federal Dive Sticks Ban,https://www.cpsc.gov/Recalls/2026/Joyin-Expands-Recall-of-Sloosh-Dive-Sticks-Due-to-Risk-of-Serious-Injury-from-Impalement-Violate-Federal-Dive-Sticks-Ban,
2026-08-05T20:58:09.012313,CPSC Recall,2026-07-30T00:00:00,Mangohood Direct Kids Kitchen Standing Towers Recalled Due to Risk of Serious Injury and Death from Entrapment and Fall Hazards; Imported by Hangzhou Xinyanchuangxin,https://www.cpsc.gov/Recalls/2026/Mangohood-Direct-Kids-Kitchen-Standing-Towers-Recalled-Due-to-Risk-of-Serious-Injury-and-Death-from-Entrapment-and-Fall-Hazards-Imported-by-Hangzhou-Xinyanchuangxin,fatality-linked
2026-08-05T20:58:09.012313,CPSC Recall,2026-07-30T00:00:00,Mommy's Baby Lovely Deluxe Baby Doll Playsets Recalled Due to Risk of Serious Injury or Death from Choking Hazard; Violate Small Parts Ban; Sold on Temu by TOYHW,https://www.cpsc.gov/Recalls/2026/Mommys-Baby-Lovely-Deluxe-Baby-Doll-Playsets-Recalled-Due-to-Risk-of-Serious-Injury-or-Death-from-Choking-Hazard-Violate-Small-Parts-Ban-Sold-on-Temu-by-TOYHW,fatality-linked
2026-08-05T20:58:09.012313,CPSC Recall,2026-07-30T00:00:00,OCOOPA Direct Recalls 1.5 Million Rechargeable Hand Warmers Due to Risk of Serious Injury or Death from Fire and Burn Hazards; One Death Reported; Imported by Shenzhen Street Cat Technology,https://www.cpsc.gov/Recalls/2026/OCOOPA-Direct-Recalls-1-5-Million-Rechargeable-Hand-Warmers-Due-to-Risk-of-Serious-Injury-or-Death-from-Fire-and-Burn-Hazards-One-Death-Reported-Imported-by-Shenzhen-Street-Cat-Technology,fatality-linked
2026-08-05T20:58:09.012313,CPSC Recall,2026-07-30T00:00:00,Recall of Cpzzkq Baby Loungers Expanded Due to Risk Serious Injury or Death from Suffocation Hazard; Violate Mandatory Standard for Infant Support Cushions; Sold on Amazon by CetoPMax,https://www.cpsc.gov/Recalls/2026/Recall-of-Cpzzkq-Baby-Loungers-Expanded-Due-to-Risk-of-Serious-Injury-or-Death-from-Suffocation-Hazard-Violate-Mandatory-Standard-for-Infant-Support-Cushions-Sold-on-Amazon-by-CetoPMax,fatality-linked
2026-08-05T20:58:09.012313,CPSC Recall,2026-07-30T00:00:00,Trsmima Zipline Kits and Zipline Spring Brakes Recalled Due to Fall and Collision Hazards; Manufactured by Trsmima,https://www.cpsc.gov/Recalls/2026/Trsmima-Zipline-Kits-and-Zipline-Spring-Brakes-Recalled-Due-to-Fall-and-Collision-Hazards-Manufactured-by-Trsmima,WATCHLIST:Apple
2026-08-05T20:58:09.012313,CPSC Recall,2026-07-30T00:00:00,Woodure Toddler Kitchen Step Stools Recalled Due to Risk of Serious Injury and Death from Entrapment and Fall Hazards; Imported by Shenzhen Muqiqu Creative Development,https://www.cpsc.gov/Recalls/2026/Woodure-Toddler-Kitchen-Step-Stools-Recalled-Due-to-Risk-of-Serious-Injury-and-Death-from-Entrapment-and-Fall-Hazards-Imported-by-Shenzhen-Muqiqu-Creative-Development,fatality-linked
2026-08-05T20:58:09.012313,CPSC Recall,2000-09-14T00:00:00,"CPSC, Vaid Enterprises Announce Recall of ""BIC"" Cigarette Lighters",https://www.cpsc.gov/Recalls/2000/CPSC-Vaid-Enterprises-Announce-Recall-of-BIC-Cigarette-Lighters,
2026-08-05T20:58:09.012313,CPSC Recall,2000-08-08T00:00:00,"CPSC, Kmart Announce Recall of Children's Swim Masks",https://www.cpsc.gov/Recalls/2000/CPSC-Kmart-Announce-Recall-of-Childrens-Swim-Masks,
2026-08-05T20:58:09.012313,CPSC Recall,2000-08-08T00:00:00,"CPSC, Safety 1st Announce Recall to Repair Baby Walkers",https://www.cpsc.gov/Recalls/2000/CPSC-Safety-1st-Announce-Recall-to-Repair-Baby-Walkers,
2026-08-05T20:58:09.012313,CPSC Recall,2000-08-03T00:00:00,"CPSC, Appliance Co. of America LLC Announce Recall of Juice Extractors Sold at Kmart",https://www.cpsc.gov/Recalls/2000/CPSC-Appliance-Co-of-America-LLC-Announce-Recall-of-Juice-Extractors-Sold-at-Kmart,
2026-08-05T20:58:09.012313,CPSC Recall,2000-08-02T00:00:00,"CPSC, Rashti & Rashti Announce Recall of Pacifier Clips",https://www.cpsc.gov/Recalls/2000/CPSC-Rashti--Rashti-Announce-Recall-of-Pacifier-Clips,
2026-08-05T20:58:09.012313,CPSC Recall,2000-08-01T00:00:00,CPSC and The Coleman Co. Announce Recall of Gas Grills,https://www.cpsc.gov/Recalls/2000/CPSC-and-The-Coleman-Co-Announce-Recall-of-Gas-Grills,
2026-08-05T20:58:09.012313,CPSC Recall,2000-07-28T00:00:00,"CPSC, AmeriGas Propane L.P. Announce Recall of Propane Cylinders",https://www.cpsc.gov/Recalls/2000/CPSC-AmeriGas-Propane-LP-Announce-Recall-of-Propane-Cylinders,
2026-08-05T20:58:09.012313,CPSC Recall,2000-07-27T00:00:00,"CPSC, Hufco-Delaware Co. Announce Recall to Repair Gerry® TrailTech™ Backpack Baby Carriers",https://www.cpsc.gov/Recalls/2000/CPSC-Hufco-Delaware-Co-Announce-Recall-to-Repair-Gerry-TrailTech-Backpack-Baby-Carriers,
2026-08-05T20:58:09.012313,CPSC Recall,2000-07-24T00:00:00,"CPSC, Gymboree Announce Recall of Plush Shape Sorters and Stacking Toys",https://www.cpsc.gov/Recalls/2000/CPSC-Gymboree-Announce-Recall-of-Plush-Shape-Sorters-and-Stacking-Toys,
2026-08-05T20:58:09.012313,CPSC Recall,2000-07-24T00:00:00,"CPSC, Master Lock Co. Announce Recall to Replace Gun Locks",https://www.cpsc.gov/Recalls/2000/CPSC-Master-Lock-Co-Announce-Recall-to-Replace-Gun-Locks,
2026-08-05T20:58:09.012313,CPSC Recall,2000-07-21T00:00:00,"CPSC, Shelcore Inc. Announce Recall Children's Play Tables to Replace Mallets",https://www.cpsc.gov/Recalls/2000/CPSC-Shelcore-Inc-Announce-Recall-Childrens-Play-Tables-to-Replace-Mallets,
2026-08-05T20:58:09.012313,Marler Blog (food safety plaintiff bar),2026-08-05,"Seven States Moved and Added 1,918  Cases. The Cyclospora Count Is 25,213. The Real Number may be 869,891.",https://www.marlerblog.com/case-news/seven-states-moved-and-added-1572-cases-the-cyclospora-count-is-24867/,fatality-linked
2026-08-05T20:58:09.012313,Marler Blog (food safety plaintiff bar),2026-08-05,A South Carolina Farm Tested Positive for Salmonella in February 2001 and Shipped Eggs to Four Prisons in March. Six Hundred Eighty-Eight Inmates Got Sick. Every Egg Outbreak Since Has Been About That Same Gap.,https://www.marlerblog.com/case-news/a-south-carolina-farm-tested-positive-for-salmonella-in-february-2001-and-shipped-eggs-to-four-prisons-in-march-six-hundred-eighty-eight-inmates-got-sick-every-egg-outbreak-since-has-been/,multi-state; fatality-linked
2026-08-05T20:58:09.012313,Marler Blog (food safety plaintiff bar),2026-08-05,"Twenty-Three Questions About the Cyclospora Outbreak. One Has Been Refused in Print, Three Have Moved Without Being Answered, Nineteen Have No Answer at All. Twenty-Six Days Left.",https://www.marlerblog.com/case-news/twenty-three-questions-about-the-cyclospora-outbreak-one-has-been-refused-in-print-three-have-moved-without-being-answered-nineteen-have-no-answer-at-all-twenty-six-days-left/,fatality-linked
2026-08-05T20:58:09.012313,Marler Blog (food safety plaintiff bar),2026-08-05,"At Least 212 Sick with Salmonella Javiana from Jalapeños, Two States Confirmed, and Nobody Will Yet Name the Grower. Here Are the Questions Somebody Should Have to Answer.",https://www.marlerblog.com/case-news/at-least-212-sick-with-salmonella-javiana-from-jalapenos-two-states-confirmed-and-nobody-will-yet-name-the-grower-here-are-the-questions-somebody-should-have-to-answer/,fatality-linked
2026-08-05T20:58:09.012313,Marler Blog (food safety plaintiff bar),2026-08-05,Minnesota Says 110. Colorado Says 110. FDA Says 212. What We Know and What We Do Not About Two States and One Salmonella Outbreak.,https://www.marlerblog.com/case-news/minnesota-says-110-colorado-says-110-fda-says-212-what-we-know-and-what-we-do-not-about-two-states-and-one-salmonella-outbreak/,
2026-08-05T20:58:09.012313,Marler Blog (food safety plaintiff bar),2026-08-04,The WAPO Is Now the CDC and the FDA. It Named All Six New States out of Fifteen This Afternoon. Every Federal Page Still Says Nine.,https://www.marlerblog.com/case-news/the-wapo-is-now-the-cdc-and-the-fda-it-named-all-six-new-states-out-of-fifteen-this-afternoon-every-federal-page-still-says-nine/,fatality-linked
2026-08-05T20:58:09.012313,Marler Blog (food safety plaintiff bar),2026-08-04,"Fifteen States Now, and Missouri Says It Is One of Them. Taylor Farms Says the Lettuce Went Out June 29. FDA Says People Started Getting Sick June 22. The Cyclospora Count Is 22,957.",https://www.marlerblog.com/case-news/fifteen-states-now-and-missouri-says-it-is-one-of-them-taylor-farms-says-the-lettuce-went-out-june-29-fda-says-people-started-getting-sick-june-22-the-cyclospora-count-is-22957/,fatality-linked
2026-08-05T20:58:09.012313,Marler Blog (food safety plaintiff bar),2026-08-04,Chipotle Pulled Jalapeños After 110 Fell Ill in Minnesota with Salmonella. FDA and CDC Still Say Nothing.,https://www.marlerblog.com/case-news/chipotle-pulled-jalapenos-after-110-fell-ill-in-minnesota-with-salmonella-fda-and-cdc-still-say-nothing/,fatality-linked
2026-08-05T20:58:09.012313,Marler Blog (food safety plaintiff bar),2026-08-04,"FDA Published Traceback Diagrams for 474 E. coli Illnesses. There Are 22,683 Cyclospora Illnesses and No Diagram at All.",https://www.marlerblog.com/case-news/fda-published-traceback-diagrams-for-474-e-coli-illnesses-there-are-22683-cyclospora-illnesses-and-no-diagram-at-all/,multi-state; fatality-linked
2026-08-05T20:58:09.012313,Marler Blog (food safety plaintiff bar),2026-08-04,"Missouri Doubled in a Week to 1,095, and CDC Says None of It Is This Outbreak. St. Louis County Says Its Patients Ate at Taco Bell. The Cyclospora Count Is Now 22,683.",https://www.marlerblog.com/case-news/missouri-doubled-in-a-week-to-1095-and-cdc-says-none-of-it-is-this-outbreak-st-louis-county-says-its-patients-ate-at-taco-bell-the-cyclospora-count-is-now-22683/,fatality-linked
2026-08-05T20:58:09.012313,Top Class Actions,2026-08-05,Baby formula lawsuit investigation: Did you overpay for store brands?,https://topclassactions.com/lawsuit-settlements/investigations/store-brand-infant-formula-antitrust-lawsuit/,class-action
2026-08-05T20:58:09.012313,Top Class Actions,2026-08-05,$1.25M Farmers Insurance TCPA class action settlement,https://topclassactions.com/lawsuit-settlements/open-lawsuit-settlements/1-25m-farmers-insurance-tcpa-class-action-settlement/,class-action
2026-08-05T20:58:09.012313,Top Class Actions,2026-08-05,$7.5M YouTube TV automatic renewal class action settlement,https://topclassactions.com/lawsuit-settlements/open-lawsuit-settlements/7-5m-youtube-tv-automatic-renewal-class-action-settlement/,class-action
2026-08-05T20:58:09.012313,Top Class Actions,2026-08-05,Anthropic class action alleges Claude subscribers paid for degraded AI service,https://topclassactions.com/lawsuit-settlements/lawsuit-news/anthropic-class-action-alleges-claude-subscribers-paid-for-degraded-ai-service/,class-action
2026-08-05T20:58:09.012313,Top Class Actions,2026-08-05,Target sued over claims it sold Nara Organics infant formula linked to botulism outbreak,https://topclassactions.com/lawsuit-settlements/lawsuit-news/target-sued-over-claims-it-sold-nara-organics-infant-formula-linked-to-botulism-outbreak/,class-action
2026-08-05T20:58:09.012313,Top Class Actions,2026-08-05,Roundup cancer lawsuit may proceed despite Supreme Court ruling,https://topclassactions.com/lawsuit-settlements/lawsuit-news/roundup-cancer-lawsuit-may-proceed-despite-supreme-court-ruling/,class-action
2026-08-05T20:58:09.012313,Top Class Actions,2026-08-05,Dairy Queen recalls Galliker Dairy chocolate ice cream mix over metal shavings,https://topclassactions.com/lawsuit-settlements/lawsuit-news/dairy-queen-recalls-galliker-dairy-chocolate-ice-cream-mix-over-metal-shavings/,class-action
2026-08-05T20:58:09.012313,Top Class Actions,2026-08-04,Was Route Package Protection added to your online purchase?,https://topclassactions.com/lawsuit-settlements/investigations/route-package-protection-shipping-insurance-legal-actions/,class-action
2026-08-05T20:58:09.012313,Top Class Actions,2026-08-04,Payactiv data breach class action settlement,https://topclassactions.com/lawsuit-settlements/open-lawsuit-settlements/payactiv-data-breach-class-action-settlement/,class-action
2026-08-05T20:58:09.012313,Top Class Actions,2026-08-04,$3.5M ZOLL Medical Corp. data breach class action settlement,https://topclassactions.com/lawsuit-settlements/open-lawsuit-settlements/3-5m-zoll-medical-corp-data-breach-class-action-settlement/,class-action
2026-08-05T20:58:09.012313,Top Class Actions,2026-08-04,Five Below class action claims retailer kept tariff refunds owed to customers,https://topclassactions.com/lawsuit-settlements/lawsuit-news/five-below-class-action-claims-retailer-kept-tariff-refunds-owed-to-customers/,class-action
2026-08-05T20:58:09.012313,Top Class Actions,2026-08-04,Lowe’s class action alleges recalled Kobalt yard tools have dangerous battery defect,https://topclassactions.com/lawsuit-settlements/lawsuit-news/lowes-class-action-alleges-recalled-kobalt-yard-tools-have-dangerous-battery-defect/,class-action
2026-08-05T20:58:09.012313,Top Class Actions,2026-08-04,Coachella class action claims music festival website illegally tracks visitors,https://topclassactions.com/lawsuit-settlements/lawsuit-news/coachella-class-action-claims-music-festival-website-illegally-tracks-visitors/,class-action
2026-08-05T20:58:09.012313,Top Class Actions,2026-08-03,$70M Oppenheimer & Co. ABDP cash sweep class action settlement,https://topclassactions.com/lawsuit-settlements/open-lawsuit-settlements/70m-oppenheimer-co-abdp-cash-sweep-class-action-settlement/,class-action
2026-08-05T20:58:09.012313,Top Class Actions,2026-08-03,$11M Hartford premium tax charges class action settlement,https://topclassactions.com/lawsuit-settlements/open-lawsuit-settlements/11m-hartford-premium-tax-charges-class-action-settlement/,class-action
2026-08-05T20:58:09.012313,Top Class Actions,2026-08-03,Discord agrees to strengthen safety features for Texas teens amid AG lawsuit,https://topclassactions.com/lawsuit-settlements/lawsuit-news/discord-agrees-to-strengthen-safety-features-for-texas-teens-amid-ag-lawsuit/,class-action
2026-08-05T20:58:09.012313,Top Class Actions,2026-08-03,Unilever sued over TRESemmé shampoo allegedly linked to hair loss,https://topclassactions.com/lawsuit-settlements/lawsuit-news/unilever-sued-over-tresemme-shampoo-allegedly-linked-to-hair-loss/,class-action
2026-08-05T20:58:09.012313,Top Class Actions,2026-08-03,"Equifax, Experian, Synchrony, Midland sued over credit report errors",https://topclassactions.com/lawsuit-settlements/lawsuit-news/equifax-experian-synchrony-midland-sued-over-credit-report-errors/,class-action
2026-08-05T20:58:09.012313,Top Class Actions,2026-08-03,"General Mills recalls more than 735,000 Pillsbury bread rolls over glass contamination",https://topclassactions.com/lawsuit-settlements/lawsuit-news/general-mills-recalls-more-than-735000-pillsbury-bread-rolls-over-glass-contamination/,class-action
2026-08-05T20:58:09.012313,Top Class Actions,2026-07-31,$359.9M RealPage antitrust class action settlement,https://topclassactions.com/lawsuit-settlements/open-lawsuit-settlements/359-9m-realpage-antitrust-class-action-settlement/,class-action
2026-08-05T20:58:09.012313,Top Class Actions,2026-07-31,Uber class action claims company misclassifies drivers as independent contractors,https://topclassactions.com/lawsuit-settlements/lawsuit-news/uber-class-action-claims-company-misclassifies-drivers-as-independent-contractors/,class-action
2026-08-05T20:58:09.012313,Top Class Actions,2026-07-31,Johnson & Johnson agrees to $5.5B settlement to resolve ovarian cancer talc lawsuits,https://topclassactions.com/lawsuit-settlements/lawsuit-news/johnson-johnson-agrees-to-5-5b-settlement-to-resolve-ovarian-cancer-talc-lawsuits/,class-action
2026-08-05T20:58:09.012313,Top Class Actions,2026-07-31,Honda hit with class action over alleged white paint peeling defect,https://topclassactions.com/lawsuit-settlements/lawsuit-news/honda-hit-with-class-action-over-alleged-white-paint-peeling-defect/,class-action
2026-08-05T20:58:09.012313,Top Class Actions,2026-07-31,Subaru recalls more than 541K vehicles due to incorrect GAWR labels,https://topclassactions.com/lawsuit-settlements/lawsuit-news/subaru-recalls-more-than-541k-vehicles-due-to-incorrect-gawr-labels/,class-action
2026-08-05T20:58:09.012313,Top Class Actions,2026-07-30,10 class action settlements you can claim in August 2026,https://topclassactions.com/lawsuit-settlements/lawsuit-news/10-class-action-settlements-you-can-claim-in-august-2026/,class-action
2026-08-05T20:58:09.012313,Top Class Actions,2026-07-30,Honda class action claims Odyssey minivans have defective starting system,https://topclassactions.com/lawsuit-settlements/lawsuit-news/honda-class-action-claims-odyssey-minivans-have-defective-starting-system/,class-action
2026-08-05T20:58:09.012313,Top Class Actions,2026-07-30,Home Depot faces privacy class action over alleged sale of customer data,https://topclassactions.com/lawsuit-settlements/lawsuit-news/home-depot-faces-privacy-class-action-over-alleged-sale-of-customer-data/,class-action
2026-08-05T20:58:09.012313,Top Class Actions,2026-07-30,"Honda recalls over 325,000 Odyssey vans due to rearview camera malfunction",https://topclassactions.com/lawsuit-settlements/lawsuit-news/honda-recalls-over-325000-odyssey-vans-due-to-rearview-camera-malfunction/,class-action
2026-08-05T20:58:09.012313,Top Class Actions,2026-07-29,$14M Costco sales emails class action settlement,https://topclassactions.com/lawsuit-settlements/open-lawsuit-settlements/14m-costco-sales-emails-class-action-settlement/,class-action
2026-08-05T20:58:09.012313,Top Class Actions,2026-07-29,"$750,000 iQ Credit Union overdraft fees class action settlement",https://topclassactions.com/lawsuit-settlements/open-lawsuit-settlements/750000-iq-credit-union-overdraft-fees-class-action-settlement/,class-action
2026-08-05T20:58:09.012313,Top Class Actions,2026-07-29,ECOA lawsuit: Were you denied a loan or credit card?,https://topclassactions.com/lawsuit-settlements/investigations/ecoa-class-action-lawsuit/,class-action
2026-08-05T20:58:09.012313,Top Class Actions,2026-07-29,Class action claims Lululemon kept tariff windfall instead of refunding customers,https://topclassactions.com/lawsuit-settlements/lawsuit-news/class-action-claims-lululemon-kept-tariff-windfall-instead-of-refunding-customers/,class-action
2026-08-05T20:58:09.012313,Top Class Actions,2026-07-29,Walmart class action claims Great Value chia seeds contain mold,https://topclassactions.com/lawsuit-settlements/lawsuit-news/walmart-class-action-claims-great-value-chia-seeds-contain-mold/,class-action
2026-08-05T20:58:09.012313,Top Class Actions,2026-07-29,Macy’s faces class action over alleged deceptive furniture protection plan,https://topclassactions.com/lawsuit-settlements/lawsuit-news/macys-faces-class-action-over-alleged-deceptive-furniture-protection-plan/,class-action
2026-08-05T20:58:09.012313,Top Class Actions,2026-07-29,Lupin Pharmaceuticals recalls 2.5M prednisolone eye drop bottles over contamination concerns,https://topclassactions.com/lawsuit-settlements/lawsuit-news/lupin-pharmaceuticals-recalls-2-5m-prednisolone-eye-drop-bottles-over-contamination-concerns/,class-action
